"Date","Price","Open","High","Low","Vol.","Change %"
"Nov 12, 2020","16,125.8","15,686.7","16,125.8","15,581.0","102.19K","2.78%"
"Nov 11, 2020","15,690.0","15,311.8","15,867.4","15,311.8","78.45K","2.57%"
"Nov 10, 2020","15,297.2","15,329.3","15,346.7","15,235.3","61.68K","-0.18%"
"Nov 09, 2020","15,324.5","15,483.8","15,608.5","15,208.8","108.98K","-1.02%"
"Nov 08, 2020","15,481.8","14,801.9","15,518.4","14,801.9","65.57K","4.46%"
"Nov 07, 2020","14,821.1","15,566.0","15,590.0","14,820.7","101.41K","-4.81%"
"Nov 06, 2020","15,570.3","15,592.2","15,824.8","15,472.0","122.63K","-0.06%"
"Nov 05, 2020","15,579.1","14,147.7","15,579.1","14,106.8","143.77K","10.19%"
"Nov 04, 2020","14,138.0","14,023.7","14,148.7","13,679.2","93.01K","0.85%"
"Nov 03, 2020","14,018.4","13,558.8","14,030.3","13,413.9","74.10K","3.39%"
"Nov 02, 2020","13,558.7","13,765.7","13,765.7","13,420.6","64.56K","-1.45%"
"Nov 01, 2020","13,758.1","13,764.7","13,811.7","13,705.4","36.29K","-0.26%"
"Oct 31, 2020","13,794.5","13,563.8","13,880.0","13,506.7","67.34K","1.76%"
"Oct 30, 2020","13,556.1","13,452.6","13,556.1","13,193.1","70.66K","0.75%"
"Oct 29, 2020","13,455.2","13,264.9","13,549.9","13,104.9","74.88K","1.34%"
"Oct 28, 2020","13,277.3","13,639.8","13,785.3","13,104.8","94.45K","-2.62%"
"Oct 27, 2020","13,635.0","13,051.7","13,648.0","13,051.7","80.80K","4.42%"
"Oct 26, 2020","13,058.3","13,032.5","13,179.8","12,865.2","60.96K","0.23%"
"Oct 25, 2020","13,028.5","13,103.4","13,127.3","12,972.0","38.48K","-0.65%"
"Oct 24, 2020","13,113.2","12,929.7","13,114.6","12,929.7","35.95K","1.40%"
"Oct 23, 2020","12,931.6","12,968.5","12,985.0","12,835.9","50.39K","-0.26%"
"Oct 22, 2020","12,964.8","12,791.3","13,120.2","12,727.0","70.07K","1.28%"
"Oct 21, 2020","12,800.6","11,909.4","12,881.4","11,909.4","114.55K","7.49%"
"Oct 20, 2020","11,908.8","11,751.2","11,961.7","11,711.5","62.15K","1.34%"
"Oct 19, 2020","11,751.0","11,509.0","11,766.4","11,437.5","47.64K","2.14%"
"Oct 18, 2020","11,504.6","11,359.3","11,504.6","11,354.7","23.27K","1.27%"
"Oct 17, 2020","11,360.3","11,325.8","11,360.3","11,325.8","22.38K","0.36%"
"Oct 16, 2020","11,319.7","11,505.2","11,533.8","11,308.2","48.80K","-1.57%"
"Oct 15, 2020","11,500.8","11,425.0","11,518.7","11,332.0","48.74K","0.73%"
"Oct 14, 2020","11,417.8","11,425.5","11,442.4","11,307.3","41.42K","-0.02%"
"Oct 13, 2020","11,420.6","11,531.3","11,531.3","11,371.2","42.21K","-0.94%"
"Oct 12, 2020","11,529.0","11,365.5","11,574.9","11,243.2","52.83K","1.41%"
"Oct 11, 2020","11,369.0","11,291.6","11,409.2","11,291.6","29.04K","0.67%"
"Oct 10, 2020","11,293.2","11,051.3","11,386.6","11,051.3","43.65K","2.18%"
"Oct 09, 2020","11,052.4","10,927.5","11,074.2","10,870.1","48.26K","1.21%"
"Oct 08, 2020","10,920.6","10,667.3","10,920.8","10,568.3","51.95K","2.34%"
"Oct 07, 2020","10,670.5","10,600.2","10,670.5","10,594.6","32.80K","0.65%"
"Oct 06, 2020","10,602.1","10,797.9","10,797.9","10,592.2","48.68K","-1.71%"
"Oct 05, 2020","10,787.0","10,663.1","10,787.0","10,663.1","34.02K","1.07%"
"Oct 04, 2020","10,672.5","10,536.4","10,672.5","10,536.4","23.20K","1.24%"
"Oct 03, 2020","10,542.1","10,572.0","10,577.0","10,528.0","22.30K","-0.26%"
"Oct 02, 2020","10,569.9","10,603.3","10,605.4","10,450.0","50.14K","-0.47%"
"Oct 01, 2020","10,619.7","10,780.6","10,898.8","10,619.7","60.87K","-1.44%"
"Sep 30, 2020","10,774.8","10,843.8","10,843.8","10,711.7","39.60K","-0.61%"
"Sep 29, 2020","10,840.6","10,669.7","10,840.6","10,652.6","41.90K","1.39%"
"Sep 28, 2020","10,692.2","10,787.8","10,923.5","10,692.2","50.08K","-0.76%"
"Sep 27, 2020","10,774.3","10,727.2","10,774.3","10,638.2","30.55K","0.44%"
"Sep 26, 2020","10,726.6","10,695.7","10,742.3","10,672.0","28.41K","0.37%"
"Sep 25, 2020","10,686.8","10,737.1","10,737.1","10,582.3","48.12K","-0.48%"
"Sep 24, 2020","10,738.6","10,241.6","10,745.8","10,241.6","57.68K","4.90%"
"Sep 23, 2020","10,237.1","10,533.1","10,533.1","10,228.5","51.86K","-2.78%"
"Sep 22, 2020","10,530.3","10,419.9","10,530.3","10,419.9","43.99K","1.08%"
"Sep 21, 2020","10,417.3","10,912.0","10,980.0","10,396.4","70.65K","-4.59%"
"Sep 20, 2020","10,918.9","11,074.3","11,074.3","10,841.7","39.16K","-1.46%"
"Sep 19, 2020","11,081.0","10,935.1","11,081.0","10,896.3","38.45K","1.36%"
"Sep 18, 2020","10,932.2","10,943.4","10,981.4","10,849.9","47.26K","-0.07%"
"Sep 17, 2020","10,940.0","10,951.9","10,951.9","10,816.6","55.60K","-0.07%"
"Sep 16, 2020","10,947.8","10,788.4","11,031.9","10,712.1","64.99K","1.51%"
"Sep 15, 2020","10,784.9","10,666.6","10,870.9","10,643.9","61.82K","1.04%"
"Sep 14, 2020","10,673.7","10,332.0","10,717.6","10,272.0","67.08K","3.40%"
"Sep 13, 2020","10,322.8","10,437.2","10,572.0","10,267.4","43.82K","-1.12%"
"Sep 12, 2020","10,439.7","10,387.1","10,469.8","10,323.0","35.37K","0.50%"
"Sep 11, 2020","10,387.9","10,347.5","10,387.9","10,247.1","43.83K","0.49%"
"Sep 10, 2020","10,336.9","10,218.2","10,382.0","10,218.2","58.25K","1.12%"
"Sep 09, 2020","10,222.5","10,125.1","10,324.1","9,995.0","49.35K","0.96%"
"Sep 08, 2020","10,125.4","10,383.7","10,383.7","9,985.0","73.52K","-2.38%"
"Sep 07, 2020","10,372.0","10,241.5","10,372.0","9,930.0","62.56K","1.18%"
"Sep 06, 2020","10,251.1","10,155.7","10,273.1","10,123.0","56.38K","0.88%"
"Sep 05, 2020","10,161.6","10,445.5","10,465.0","10,059.8","90.00K","-2.76%"
"Sep 04, 2020","10,450.4","10,188.5","10,543.4","10,188.5","92.84K","2.98%"
"Sep 03, 2020","10,147.5","11,381.2","11,404.4","10,147.5","121.95K","-10.90%"
"Sep 02, 2020","11,388.9","11,916.0","11,916.0","11,298.0","87.23K","-4.48%"
"Sep 01, 2020","11,922.5","11,663.5","11,966.2","11,617.8","78.12K","2.34%"
"Aug 31, 2020","11,649.5","11,721.8","11,728.5","11,614.2","55.36K","-0.59%"
"Aug 30, 2020","11,718.9","11,465.6","11,718.9","11,465.6","43.15K","2.20%"
"Aug 29, 2020","11,466.1","11,531.2","11,543.0","11,466.1","32.97K","-0.50%"
"Aug 28, 2020","11,523.9","11,341.8","11,523.9","11,341.8","45.97K","1.75%"
"Aug 27, 2020","11,325.4","11,457.7","11,457.7","11,239.0","63.25K","-1.15%"
"Aug 26, 2020","11,456.8","11,317.6","11,466.8","11,272.5","54.04K","1.17%"
"Aug 25, 2020","11,324.4","11,754.3","11,754.3","11,192.0","69.56K","-3.63%"
"Aug 24, 2020","11,751.5","11,648.1","11,791.0","11,617.3","46.20K","0.90%"
"Aug 23, 2020","11,646.7","11,668.6","11,679.0","11,528.2","37.90K","-0.14%"
"Aug 22, 2020","11,663.3","11,526.8","11,669.7","11,436.0","43.68K","1.16%"
"Aug 21, 2020","11,529.4","11,853.0","11,872.2","11,529.4","64.45K","-2.75%"
"Aug 20, 2020","11,855.8","11,754.5","11,876.3","11,702.0","46.12K","0.94%"
"Aug 19, 2020","11,745.2","11,945.1","11,945.1","11,675.0","73.93K","-1.83%"
"Aug 18, 2020","11,964.7","12,283.4","12,346.5","11,963.6","75.90K","-2.53%"
"Aug 17, 2020","12,275.5","11,916.5","12,393.0","11,832.4","84.72K","3.06%"
"Aug 16, 2020","11,910.7","11,849.1","11,910.7","11,800.0","41.39K","0.50%"
"Aug 15, 2020","11,851.3","11,764.1","11,913.4","11,764.1","56.22K","0.78%"
"Aug 14, 2020","11,760.0","11,799.0","11,799.0","11,671.8","59.84K","-0.13%"
"Aug 13, 2020","11,775.2","11,558.9","11,775.2","11,389.0","70.11K","1.82%"
"Aug 12, 2020","11,564.3","11,393.2","11,583.7","11,343.1","64.92K","1.49%"
"Aug 11, 2020","11,394.9","11,888.8","11,888.8","11,338.5","90.75K","-4.17%"
"Aug 10, 2020","11,891.3","11,686.6","12,000.8","11,686.6","84.95K","1.79%"
"Aug 09, 2020","11,682.1","11,769.4","11,769.4","11,570.8","41.49K","-0.74%"
"Aug 08, 2020","11,769.1","11,588.0","11,776.3","11,582.3","41.85K","1.53%"
"Aug 07, 2020","11,592.0","11,762.1","11,874.2","11,538.3","65.76K","-1.44%"
"Aug 06, 2020","11,761.6","11,744.9","11,866.5","11,649.7","63.54K","0.16%"
"Aug 05, 2020","11,743.3","11,198.3","11,743.3","11,178.5","74.95K","4.95%"
"Aug 04, 2020","11,189.5","11,226.3","11,360.2","11,117.1","58.64K","-0.30%"
"Aug 03, 2020","11,223.1","11,071.4","11,414.1","11,071.4","56.93K","1.33%"
"Aug 02, 2020","11,076.3","11,800.6","11,926.2","11,076.3","97.57K","-6.21%"
"Aug 01, 2020","11,810.0","11,333.8","11,810.0","11,324.6","85.05K","4.17%"
"Jul 31, 2020","11,337.4","11,098.9","11,365.2","11,012.3","70.07K","2.16%"
"Jul 30, 2020","11,097.8","10,984.6","11,123.5","10,936.6","60.80K","-0.02%"
"Jul 29, 2020","11,100.0","10,914.5","11,250.5","10,914.5","76.35K","1.72%"
"Jul 28, 2020","10,912.4","11,087.8","11,087.8","10,766.0","97.26K","-0.98%"
"Jul 27, 2020","11,020.0","9,932.6","11,024.4","9,932.6","150.18K","10.98%"
"Jul 26, 2020","9,929.5","9,700.4","9,945.0","9,668.5","65.28K","2.37%"
"Jul 25, 2020","9,700.0","9,538.8","9,700.0","9,538.8","40.67K","1.68%"
"Jul 24, 2020","9,539.3","9,603.2","9,603.2","9,517.8","43.95K","-0.69%"
"Jul 23, 2020","9,605.8","9,523.0","9,605.8","9,477.0","51.86K","0.83%"
"Jul 22, 2020","9,526.5","9,388.0","9,526.5","9,327.2","48.78K","1.49%"
"Jul 21, 2020","9,386.5","9,158.0","9,402.8","9,158.0","60.40K","2.46%"
"Jul 20, 2020","9,160.8","9,218.6","9,218.6","9,155.0","35.46K","-0.51%"
"Jul 19, 2020","9,207.8","9,169.8","9,207.8","9,128.7","26.05K","0.41%"
"Jul 18, 2020","9,169.9","9,153.1","9,186.8","9,133.4","22.55K","0.16%"
"Jul 17, 2020","9,154.8","9,135.3","9,161.1","9,121.7","28.06K","0.22%"
"Jul 16, 2020","9,134.5","9,202.6","9,210.0","9,086.4","43.38K","-0.68%"
"Jul 15, 2020","9,197.0","9,255.6","9,255.6","9,197.0","39.05K","-0.61%"
"Jul 14, 2020","9,253.6","9,236.0","9,264.8","9,181.4","45.78K","0.12%"
"Jul 13, 2020","9,242.5","9,312.4","9,314.6","9,242.5","42.77K","-0.66%"
"Jul 12, 2020","9,304.2","9,235.0","9,304.2","9,218.1","30.83K","0.76%"
"Jul 11, 2020","9,234.0","9,295.0","9,295.0","9,202.0","22.56K","-0.56%"
"Jul 10, 2020","9,286.0","9,232.4","9,286.0","9,158.7","38.30K","0.57%"
"Jul 09, 2020","9,233.4","9,431.3","9,431.3","9,219.3","48.04K","-2.16%"
"Jul 08, 2020","9,436.9","9,263.1","9,440.2","9,251.3","56.14K","1.93%"
"Jul 07, 2020","9,258.0","9,336.0","9,336.0","9,246.3","34.61K","-0.89%"
"Jul 06, 2020","9,340.8","9,076.6","9,340.8","9,076.6","54.64K","2.82%"
"Jul 05, 2020","9,084.3","9,134.2","9,142.1","9,005.0","33.90K","-0.59%"
"Jul 04, 2020","9,138.1","9,053.1","9,187.8","9,047.8","26.42K","0.85%"
"Jul 03, 2020","9,061.4","9,086.5","9,122.9","9,038.0","28.97K","-0.27%"
"Jul 02, 2020","9,085.7","9,231.4","9,259.2","8,959.0","45.70K","-1.58%"
"Jul 01, 2020","9,232.0","9,136.7","9,290.4","9,099.3","38.49K","1.05%"
"Jun 30, 2020","9,136.0","9,191.0","9,201.5","9,072.2","31.47K","-0.56%"
"Jun 29, 2020","9,187.1","9,124.8","9,236.1","9,027.9","42.60K","0.85%"
"Jun 28, 2020","9,110.0","9,007.0","9,188.0","8,949.3","30.57K","1.09%"
"Jun 27, 2020","9,012.0","9,168.2","9,196.0","8,856.5","46.29K","-1.64%"
"Jun 26, 2020","9,162.1","9,244.5","9,295.5","9,058.4","50.29K","-0.95%"
"Jun 25, 2020","9,250.3","9,294.1","9,328.8","9,026.0","55.98K","-0.56%"
"Jun 24, 2020","9,302.3","9,622.7","9,667.9","9,223.8","61.56K","-3.35%"
"Jun 23, 2020","9,625.0","9,687.7","9,718.7","9,582.3","41.02K","-0.63%"
"Jun 22, 2020","9,685.5","9,294.7","9,756.2","9,284.7","57.89K","4.20%"
"Jun 21, 2020","9,294.8","9,361.2","9,416.0","9,288.0","24.35K","-0.68%"
"Jun 20, 2020","9,358.5","9,306.0","9,394.0","9,185.9","30.33K","0.52%"
"Jun 19, 2020","9,310.2","9,376.6","9,424.0","9,244.8","45.33K","-0.81%"
"Jun 18, 2020","9,385.8","9,470.0","9,478.3","9,287.7","37.39K","-0.83%"
"Jun 17, 2020","9,464.1","9,532.8","9,549.0","9,269.3","48.04K","-0.65%"
"Jun 16, 2020","9,525.8","9,432.3","9,585.0","9,375.0","52.06K","1.07%"
"Jun 15, 2020","9,425.0","9,337.5","9,494.5","8,932.4","86.12K","0.90%"
"Jun 14, 2020","9,340.9","9,475.7","9,475.7","9,261.3","30.06K","-1.38%"
"Jun 13, 2020","9,471.5","9,467.8","9,492.4","9,365.9","27.73K","0.07%"
"Jun 12, 2020","9,465.0","9,272.5","9,545.5","9,249.4","50.25K","2.04%"
"Jun 11, 2020","9,275.7","9,891.2","9,948.5","9,188.0","94.38K","-6.15%"
"Jun 10, 2020","9,884.1","9,769.9","9,977.9","9,706.2","47.13K","1.17%"
"Jun 09, 2020","9,770.2","9,821.6","9,872.0","9,632.0","46.02K","-0.10%"
"Jun 08, 2020","9,780.3","9,754.3","9,790.3","9,641.0","40.66K","0.35%"
"Jun 07, 2020","9,745.8","9,667.6","9,784.3","9,427.9","57.94K","0.79%"
"Jun 06, 2020","9,669.7","9,578.3","9,732.0","9,541.9","32.76K","0.44%"
"Jun 05, 2020","9,627.3","9,797.4","9,850.0","9,590.0","47.78K","-1.70%"
"Jun 04, 2020","9,793.6","9,667.8","9,872.9","9,477.2","57.46K","1.41%"
"Jun 03, 2020","9,657.8","9,515.9","9,666.0","9,428.1","46.24K","1.37%"
"Jun 02, 2020","9,527.1","10,223.9","10,223.9","9,351.8","109.05K","-6.51%"
"Jun 01, 2020","10,190.0","9,449.3","10,350.0","9,432.3","76.45K","7.70%"
"May 31, 2020","9,461.2","9,699.9","9,699.9","9,400.2","48.32K","-2.41%"
"May 30, 2020","9,695.0","9,432.1","9,733.7","9,353.2","55.65K","2.86%"
"May 29, 2020","9,425.2","9,591.1","9,601.1","9,355.2","57.38K","-1.47%"
"May 28, 2020","9,565.3","9,205.0","9,610.9","9,119.0","74.12K","4.00%"
"May 27, 2020","9,197.0","8,837.0","9,217.4","8,818.8","68.81K","4.00%"
"May 26, 2020","8,843.0","8,902.5","9,002.0","8,700.1","58.31K","-0.64%"
"May 25, 2020","8,900.2","8,687.2","8,963.4","8,673.2","62.97K","2.18%"
"May 24, 2020","8,710.5","9,170.0","9,296.5","8,710.5","70.37K","-5.11%"
"May 23, 2020","9,179.8","9,174.1","9,303.3","9,085.0","43.52K","0.12%"
"May 22, 2020","9,169.0","9,066.0","9,257.9","8,952.7","58.99K","1.47%"
"May 21, 2020","9,036.6","9,501.7","9,568.7","8,823.4","108.77K","-4.99%"
"May 20, 2020","9,511.4","9,780.5","9,840.1","9,369.9","74.92K","-2.69%"
"May 19, 2020","9,774.0","9,735.0","9,889.8","9,488.2","78.53K","0.46%"
"May 18, 2020","9,729.4","9,704.6","9,950.0","9,529.1","82.01K","0.51%"
"May 17, 2020","9,680.0","9,356.7","9,875.7","9,335.0","68.65K","3.17%"
"May 16, 2020","9,382.7","9,332.9","9,576.3","9,228.9","59.59K","0.70%"
"May 15, 2020","9,317.5","9,789.7","9,835.8","9,155.0","115.89K","-4.80%"
"May 14, 2020","9,787.7","9,323.0","9,926.0","9,267.1","129.57K","5.17%"
"May 13, 2020","9,306.6","8,794.2","9,390.9","8,794.2","92.47K","5.60%"
"May 12, 2020","8,813.0","8,560.0","8,968.4","8,546.8","86.57K","2.42%"
"May 11, 2020","8,605.0","8,744.7","9,148.0","8,243.3","168.75K","-1.60%"
"May 10, 2020","8,745.0","9,546.5","9,549.9","8,164.2","183.80K","-8.40%"
"May 09, 2020","9,546.7","9,790.4","9,913.7","9,530.6","81.94K","-2.63%"
"May 08, 2020","9,804.8","10,000.0","10,028.5","9,725.0","100.68K","-1.76%"
"May 07, 2020","9,980.8","9,123.5","10,060.0","9,046.9","147.26K","9.12%"
"May 06, 2020","9,147.0","9,025.9","9,385.0","8,926.9","105.82K","1.37%"
"May 05, 2020","9,023.5","8,885.0","9,100.7","8,770.0","76.50K","1.67%"
"May 04, 2020","8,875.3","8,901.8","8,948.6","8,529.3","84.41K","-0.19%"
"May 03, 2020","8,892.6","8,973.3","9,190.9","8,727.0","90.11K","-0.87%"
"May 02, 2020","8,971.0","8,809.0","9,006.9","8,769.2","59.02K","1.63%"
"May 01, 2020","8,827.3","8,618.9","9,049.4","8,618.9","91.46K","2.19%"
"Apr 30, 2020","8,638.1","8,781.9","9,450.6","8,417.3","206.28K","-1.61%"
"Apr 29, 2020","8,779.1","7,749.8","8,950.0","7,731.6","183.51K","13.30%"
"Apr 28, 2020","7,748.6","7,777.9","7,777.9","7,663.9","46.31K","-0.32%"
"Apr 27, 2020","7,773.8","7,723.0","7,773.8","7,626.5","65.43K","1.06%"
"Apr 26, 2020","7,692.2","7,527.1","7,692.2","7,524.4","50.52K","2.03%"
"Apr 25, 2020","7,539.4","7,505.0","7,674.3","7,453.9","43.87K","0.46%"
"Apr 24, 2020","7,505.0","7,472.7","7,601.6","7,417.9","60.18K","0.29%"
"Apr 23, 2020","7,483.6","7,125.1","7,695.0","7,034.9","102.77K","5.04%"
"Apr 22, 2020","7,124.4","6,836.6","7,147.5","6,820.4","61.43K","4.13%"
"Apr 21, 2020","6,842.0","6,821.4","6,931.3","6,771.4","60.11K","0.14%"
"Apr 20, 2020","6,832.1","7,122.3","7,206.1","6,767.2","90.15K","-4.07%"
"Apr 19, 2020","7,122.0","7,250.4","7,260.2","7,062.2","45.65K","-1.75%"
"Apr 18, 2020","7,248.9","7,014.4","7,281.0","7,014.4","49.52K","3.18%"
"Apr 17, 2020","7,025.5","7,106.3","7,142.5","6,994.3","54.10K","-1.10%"
"Apr 16, 2020","7,103.8","6,616.2","7,172.0","6,494.3","125.01K","7.26%"
"Apr 15, 2020","6,622.9","6,858.6","6,927.8","6,612.1","61.56K","-3.57%"
"Apr 14, 2020","6,867.9","6,846.1","6,967.2","6,765.4","69.06K","0.40%"
"Apr 13, 2020","6,840.5","6,853.8","6,882.0","6,610.6","96.47K","-0.85%"
"Apr 12, 2020","6,899.2","6,877.2","7,171.7","6,780.3","73.84K","0.31%"
"Apr 11, 2020","6,877.6","6,877.2","6,936.0","6,765.4","45.49K","0.25%"
"Apr 10, 2020","6,860.2","7,287.6","7,292.8","6,751.5","104.67K","-5.83%"
"Apr 09, 2020","7,284.9","7,336.0","7,368.0","7,140.9","61.10K","-1.01%"
"Apr 08, 2020","7,359.5","7,200.0","7,413.8","7,157.7","76.05K","2.19%"
"Apr 07, 2020","7,202.0","7,313.3","7,445.7","7,093.0","103.68K","-1.80%"
"Apr 06, 2020","7,333.8","6,771.5","7,333.8","6,769.3","118.02K","8.29%"
"Apr 05, 2020","6,772.2","6,889.6","6,889.6","6,684.8","49.68K","-1.23%"
"Apr 04, 2020","6,856.8","6,722.5","6,982.9","6,658.2","72.99K","1.90%"
"Apr 03, 2020","6,729.0","6,792.4","7,033.1","6,616.0","104.08K","-1.14%"
"Apr 02, 2020","6,806.4","6,699.6","7,154.6","6,562.3","149.40K","2.51%"
"Apr 01, 2020","6,639.9","6,423.1","6,669.8","6,153.7","97.49K","3.57%"
"Mar 31, 2020","6,410.8","6,384.0","6,515.3","6,341.3","72.36K","0.26%"
"Mar 30, 2020","6,394.4","5,892.3","6,560.0","5,866.0","118.88K","8.71%"
"Mar 29, 2020","5,882.2","6,242.0","6,261.0","5,877.5","63.29K","-5.81%"
"Mar 28, 2020","6,245.3","6,297.5","6,322.7","6,051.4","93.19K","-1.80%"
"Mar 27, 2020","6,359.7","6,745.4","6,831.7","6,299.7","82.92K","-5.61%"
"Mar 26, 2020","6,737.4","6,687.5","6,775.7","6,534.7","83.03K","0.86%"
"Mar 25, 2020","6,679.7","6,734.0","6,938.5","6,470.1","132.14K","-1.01%"
"Mar 24, 2020","6,747.7","6,466.6","6,827.7","6,388.2","151.19K","4.10%"
"Mar 23, 2020","6,482.1","5,803.4","6,566.2","5,694.9","164.68K","11.42%"
"Mar 22, 2020","5,817.9","6,179.1","6,404.0","5,747.9","119.09K","-6.01%"
"Mar 21, 2020","6,190.0","6,213.3","6,443.5","5,890.5","128.96K","-0.30%"
"Mar 20, 2020","6,208.4","6,165.6","6,898.0","5,757.0","219.27K","0.65%"
"Mar 19, 2020","6,168.5","5,406.4","6,389.1","5,264.8","199.05K","14.32%"
"Mar 18, 2020","5,395.9","5,325.2","5,426.4","5,012.9","137.13K","1.21%"
"Mar 17, 2020","5,331.6","5,085.0","5,510.0","4,945.1","150.05K","6.11%"
"Mar 16, 2020","5,024.4","5,360.2","5,363.0","4,468.1","227.30K","-6.34%"
"Mar 15, 2020","5,364.5","5,174.7","5,901.3","5,110.0","139.95K","3.62%"
"Mar 14, 2020","5,177.1","5,534.7","5,629.5","5,061.9","136.89K","-7.23%"
"Mar 13, 2020","5,580.8","4,846.5","5,886.6","3,783.5","402.34K","14.87%"
"Mar 12, 2020","4,858.4","7,944.6","7,961.5","4,510.0","260.61K","-38.76%"
"Mar 11, 2020","7,932.8","7,886.2","7,973.3","7,599.1","79.95K","0.59%"
"Mar 10, 2020","7,886.4","7,930.5","8,145.8","7,758.5","86.79K","-0.61%"
"Mar 09, 2020","7,934.9","8,037.0","8,152.6","7,649.4","117.00K","-1.18%"
"Mar 08, 2020","8,029.6","8,885.0","8,885.0","8,009.6","77.53K","-9.64%"
"Mar 07, 2020","8,885.9","9,134.5","9,167.5","8,846.5","45.43K","-2.71%"
"Mar 06, 2020","9,133.6","9,044.2","9,165.0","8,992.8","43.79K","0.81%"
"Mar 05, 2020","9,060.0","8,757.7","9,153.0","8,757.7","58.20K","3.50%"
"Mar 04, 2020","8,753.3","8,766.8","8,844.7","8,674.2","38.69K","-0.08%"
"Mar 03, 2020","8,760.4","8,912.3","8,912.8","8,667.0","55.17K","-1.70%"
"Mar 02, 2020","8,911.4","8,530.5","8,964.8","8,499.9","60.40K","4.32%"
"Mar 01, 2020","8,542.3","8,553.7","8,742.7","8,432.2","43.93K","0.21%"
"Feb 29, 2020","8,524.1","8,699.8","8,790.0","8,524.1","36.75K","-1.92%"
"Feb 28, 2020","8,690.8","8,823.5","8,898.6","8,456.3","71.16K","-1.44%"
"Feb 27, 2020","8,818.0","8,784.8","8,969.6","8,535.0","72.41K","0.32%"
"Feb 26, 2020","8,790.1","9,314.1","9,377.1","8,666.0","92.14K","-5.69%"
"Feb 25, 2020","9,320.0","9,655.0","9,670.6","9,255.7","54.37K","-3.51%"
"Feb 24, 2020","9,659.0","9,936.1","9,988.0","9,493.5","55.84K","-2.87%"
"Feb 23, 2020","9,944.2","9,650.0","9,970.5","9,649.0","37.68K","3.03%"
"Feb 22, 2020","9,651.8","9,678.4","9,705.4","9,560.6","24.64K","-0.27%"
"Feb 21, 2020","9,677.7","9,597.3","9,755.0","9,571.3","42.18K","0.76%"
"Feb 20, 2020","9,604.2","9,588.6","9,681.7","9,456.4","60.16K","0.09%"
"Feb 19, 2020","9,595.6","10,168.8","10,230.0","9,380.2","55.15K","-5.52%"
"Feb 18, 2020","10,156.1","9,707.1","10,250.0","9,596.7","70.61K","4.72%"
"Feb 17, 2020","9,697.9","9,904.3","9,952.7","9,453.0","70.34K","-2.30%"
"Feb 16, 2020","9,925.9","9,904.3","10,047.3","9,646.5","59.96K","0.20%"
"Feb 15, 2020","9,906.3","10,352.8","10,373.0","9,814.8","57.66K","-4.24%"
"Feb 14, 2020","10,344.5","10,229.9","10,372.5","10,113.2","47.04K","1.02%"
"Feb 13, 2020","10,240.4","10,317.0","10,496.5","10,110.0","79.35K","-0.81%"
"Feb 12, 2020","10,324.2","10,231.4","10,436.8","10,231.4","61.01K","0.97%"
"Feb 11, 2020","10,225.0","9,856.3","10,323.4","9,718.0","62.40K","3.78%"
"Feb 10, 2020","9,852.6","10,157.8","10,186.1","9,771.0","59.57K","-2.97%"
"Feb 09, 2020","10,153.8","9,895.0","10,159.0","9,881.0","43.41K","2.58%"
"Feb 08, 2020","9,898.1","9,813.7","9,937.3","9,671.9","43.61K","0.80%"
"Feb 07, 2020","9,819.6","9,773.0","9,883.1","9,736.0","43.95K","0.51%"
"Feb 06, 2020","9,770.0","9,620.8","9,859.4","9,536.7","64.95K","1.63%"
"Feb 05, 2020","9,613.0","9,196.5","9,727.4","9,179.6","64.87K","4.52%"
"Feb 04, 2020","9,197.2","9,302.0","9,347.8","9,100.3","53.35K","-1.05%"
"Feb 03, 2020","9,295.1","9,326.9","9,580.1","9,243.0","50.90K","-0.34%"
"Feb 02, 2020","9,326.8","9,383.1","9,467.3","9,204.8","45.66K","-0.65%"
"Feb 01, 2020","9,387.7","9,354.7","9,463.0","9,302.0","28.58K","0.37%"
"Jan 31, 2020","9,352.8","9,512.5","9,530.0","9,232.1","45.56K","-1.69%"
"Jan 30, 2020","9,513.3","9,290.0","9,576.4","9,213.7","60.63K","2.29%"
"Jan 29, 2020","9,300.5","9,396.2","9,432.3","9,256.6","53.87K","-0.71%"
"Jan 28, 2020","9,367.0","8,917.3","9,389.0","8,911.0","74.55K","5.16%"
"Jan 27, 2020","8,907.6","8,621.3","9,000.0","8,585.0","53.97K","3.43%"
"Jan 26, 2020","8,612.5","8,327.5","8,615.2","8,304.2","31.16K","3.27%"
"Jan 25, 2020","8,340.0","8,439.5","8,450.0","8,272.9","25.51K","-1.16%"
"Jan 24, 2020","8,437.5","8,405.0","8,522.9","8,238.8","41.69K","0.33%"
"Jan 23, 2020","8,409.8","8,686.6","8,686.6","8,310.3","48.15K","-3.14%"
"Jan 22, 2020","8,682.1","8,745.0","8,807.3","8,600.5","29.08K","-0.59%"
"Jan 21, 2020","8,733.3","8,649.1","8,777.5","8,518.0","36.50K","1.06%"
"Jan 20, 2020","8,641.8","8,711.4","8,743.3","8,523.4","38.91K","-0.69%"
"Jan 19, 2020","8,701.6","8,912.4","9,196.8","8,542.2","70.68K","-2.44%"
"Jan 18, 2020","8,919.3","8,905.8","8,985.2","8,806.8","38.29K","0.08%"
"Jan 17, 2020","8,912.6","8,722.5","9,018.0","8,676.7","70.90K","2.07%"
"Jan 16, 2020","8,732.0","8,824.6","8,859.2","8,601.8","51.98K","-1.10%"
"Jan 15, 2020","8,829.2","8,802.6","8,912.4","8,573.7","84.88K","-0.12%"
"Jan 14, 2020","8,840.0","8,112.6","8,876.1","8,112.6","120.38K","9.03%"
"Jan 13, 2020","8,107.8","8,184.6","8,195.0","8,060.0","31.16K","-0.91%"
"Jan 12, 2020","8,182.4","8,005.9","8,189.4","7,968.0","38.09K","2.02%"
"Jan 11, 2020","8,020.0","8,176.4","8,284.8","8,006.2","54.82K","-2.13%"
"Jan 10, 2020","8,194.9","7,817.8","8,197.4","7,684.7","82.39K","4.76%"
"Jan 09, 2020","7,822.2","8,052.8","8,052.8","7,753.7","64.25K","-2.83%"
"Jan 08, 2020","8,049.8","8,147.1","8,450.5","7,880.8","112.65K","-1.33%"
"Jan 07, 2020","8,158.6","7,769.2","8,186.8","7,740.0","91.15K","5.17%"
"Jan 06, 2020","7,757.2","7,352.4","7,783.5","7,348.4","54.63K","5.44%"
"Jan 05, 2020","7,357.2","7,355.1","7,489.4","7,323.9","38.33K","0.07%"
"Jan 04, 2020","7,351.9","7,340.5","7,398.5","7,284.0","30.04K","0.22%"
"Jan 03, 2020","7,335.6","6,964.4","7,399.0","6,878.8","68.38K","5.35%"
"Jan 02, 2020","6,962.7","7,193.4","7,212.5","6,943.8","31.96K","-3.30%"
"Jan 01, 2020","7,200.6","7,190.6","7,254.9","7,175.8","16.79K","0.08%"
"Dec 31, 2019","7,194.9","7,246.4","7,317.0","7,146.2","25.95K","-0.69%"
"Dec 30, 2019","7,244.6","7,382.0","7,405.5","7,220.0","29.62K","-1.97%"
"Dec 29, 2019","7,390.0","7,314.4","7,525.2","7,288.0","31.39K","1.02%"
"Dec 28, 2019","7,315.6","7,256.2","7,363.2","7,239.6","26.85K","0.85%"
"Dec 27, 2019","7,254.0","7,199.7","7,268.1","7,103.5","33.64K","0.71%"
"Dec 26, 2019","7,202.5","7,204.5","7,427.5","7,159.5","36.26K","0.00%"
"Dec 25, 2019","7,202.6","7,261.0","7,267.5","7,129.0","27.50K","-0.73%"
"Dec 24, 2019","7,255.8","7,322.7","7,422.1","7,163.9","43.63K","-0.84%"
"Dec 23, 2019","7,317.1","7,513.3","7,690.0","7,270.0","68.05K","-2.46%"
"Dec 22, 2019","7,501.9","7,129.7","7,505.8","7,123.2","39.13K","5.18%"
"Dec 21, 2019","7,132.7","7,188.0","7,188.0","7,113.7","19.47K","-0.76%"
"Dec 20, 2019","7,187.6","7,156.8","7,212.7","7,083.0","32.13K","0.50%"
"Dec 19, 2019","7,151.8","7,285.3","7,349.9","7,047.0","55.53K","-1.66%"
"Dec 18, 2019","7,272.3","6,623.9","7,398.0","6,439.9","95.61K","9.85%"
"Dec 17, 2019","6,620.0","6,894.0","6,938.8","6,577.7","53.86K","-3.95%"
"Dec 16, 2019","6,892.4","7,121.0","7,147.0","6,847.2","43.87K","-3.18%"
"Dec 15, 2019","7,119.1","7,064.0","7,194.1","7,013.9","26.39K","0.72%"
"Dec 14, 2019","7,067.9","7,254.4","7,271.5","7,012.7","29.56K","-2.61%"
"Dec 13, 2019","7,257.1","7,201.5","7,297.1","7,193.5","27.61K","0.83%"
"Dec 12, 2019","7,197.2","7,242.6","7,274.5","7,101.5","42.29K","-0.16%"
"Dec 11, 2019","7,208.8","7,223.0","7,269.5","7,142.4","30.10K","-0.23%"
"Dec 10, 2019","7,225.0","7,333.2","7,393.4","7,173.0","49.73K","-1.58%"
"Dec 09, 2019","7,341.3","7,510.1","7,636.3","7,292.6","46.62K","-2.25%"
"Dec 08, 2019","7,510.4","7,488.2","7,552.8","7,383.7","29.83K","0.28%"
"Dec 07, 2019","7,489.3","7,534.6","7,584.9","7,477.1","31.49K","-0.56%"
"Dec 06, 2019","7,531.8","7,382.4","7,558.6","7,317.5","48.19K","1.93%"
"Dec 05, 2019","7,389.5","7,186.6","7,468.5","7,166.4","59.32K","2.79%"
"Dec 04, 2019","7,189.3","7,288.0","7,720.4","7,091.1","83.15K","-1.42%"
"Dec 03, 2019","7,293.0","7,303.9","7,390.8","7,243.1","33.14K","-0.03%"
"Dec 02, 2019","7,295.2","7,396.4","7,415.5","7,158.8","46.33K","-1.37%"
"Dec 01, 2019","7,396.2","7,541.9","7,541.9","7,239.9","60.77K","-1.91%"
"Nov 30, 2019","7,539.9","7,738.1","7,792.0","7,465.6","46.99K","-2.61%"
"Nov 29, 2019","7,741.9","7,413.7","7,849.9","7,405.2","60.75K","4.37%"
"Nov 28, 2019","7,417.8","7,513.0","7,632.3","7,364.9","56.94K","-1.20%"
"Nov 27, 2019","7,508.0","7,155.8","7,641.4","6,858.8","92.45K","4.94%"
"Nov 26, 2019","7,154.9","7,110.5","7,330.6","7,035.5","65.73K","0.63%"
"Nov 25, 2019","7,110.5","6,887.4","7,351.8","6,520.7","119.64K","2.94%"
"Nov 24, 2019","6,907.1","7,311.3","7,326.8","6,871.7","67.85K","-5.48%"
"Nov 23, 2019","7,307.5","7,268.2","7,341.7","7,084.9","50.46K","0.48%"
"Nov 22, 2019","7,272.3","7,627.6","7,721.0","6,800.0","126.59K","-4.62%"
"Nov 21, 2019","7,624.3","8,097.9","8,130.0","7,527.3","58.42K","-5.83%"
"Nov 20, 2019","8,096.6","8,134.8","8,226.1","8,042.0","32.46K","-0.46%"
"Nov 19, 2019","8,133.8","8,183.7","8,212.0","8,019.0","43.56K","-0.68%"
"Nov 18, 2019","8,189.4","8,502.8","8,502.8","8,075.0","43.02K","-3.67%"
"Nov 17, 2019","8,501.5","8,491.6","8,610.4","8,388.0","27.00K","0.14%"
"Nov 16, 2019","8,489.7","8,472.0","8,529.6","8,440.9","20.90K","0.21%"
"Nov 15, 2019","8,472.1","8,650.0","8,777.0","8,415.0","46.10K","-2.06%"
"Nov 14, 2019","8,650.7","8,777.4","8,798.0","8,591.5","33.46K","-1.47%"
"Nov 13, 2019","8,779.5","8,821.9","8,832.0","8,715.1","26.85K","-0.33%"
"Nov 12, 2019","8,808.5","8,733.3","8,850.3","8,590.4","40.35K","0.87%"
"Nov 11, 2019","8,732.8","9,047.9","9,067.9","8,636.4","44.87K","-3.39%"
"Nov 10, 2019","9,039.6","8,801.0","9,135.9","8,754.3","34.43K","2.62%"
"Nov 09, 2019","8,808.8","8,766.5","8,876.8","8,728.2","29.46K","0.38%"
"Nov 08, 2019","8,775.5","9,211.6","9,257.5","8,708.1","62.11K","-4.75%"
"Nov 07, 2019","9,213.1","9,340.7","9,371.8","9,122.7","39.12K","-1.31%"
"Nov 06, 2019","9,335.3","9,307.1","9,430.0","9,258.9","37.35K","0.36%"
"Nov 05, 2019","9,301.5","9,390.1","9,451.9","9,179.9","45.94K","-1.01%"
"Nov 04, 2019","9,396.4","9,201.0","9,504.3","9,125.8","45.89K","2.20%"
"Nov 03, 2019","9,194.0","9,290.2","9,358.4","9,074.3","27.90K","-1.05%"
"Nov 02, 2019","9,291.2","9,238.6","9,362.4","9,193.2","28.92K","0.66%"
"Nov 01, 2019","9,230.0","9,134.1","9,270.4","9,042.8","43.62K","0.96%"
"Oct 31, 2019","9,142.0","9,165.8","9,380.7","8,956.1","54.37K","-0.13%"
"Oct 30, 2019","9,154.2","9,405.0","9,408.6","9,010.4","55.24K","-2.69%"
"Oct 29, 2019","9,407.0","9,203.9","9,537.5","9,116.6","64.24K","2.20%"
"Oct 28, 2019","9,204.7","9,528.3","9,889.3","9,201.8","80.12K","-3.45%"
"Oct 27, 2019","9,533.1","9,246.8","9,773.7","9,075.1","93.82K","3.29%"
"Oct 26, 2019","9,229.4","8,664.7","10,329.0","8,643.5","162.59K","6.63%"
"Oct 25, 2019","8,655.5","7,421.8","8,719.0","7,394.3","90.75K","16.77%"
"Oct 24, 2019","7,412.6","7,466.3","7,498.5","7,347.5","32.72K","-0.72%"
"Oct 23, 2019","7,466.7","8,007.4","8,046.1","7,322.0","63.92K","-6.92%"
"Oct 22, 2019","8,021.6","8,204.1","8,285.8","8,000.0","34.65K","-2.30%"
"Oct 21, 2019","8,210.0","8,224.5","8,319.2","8,150.5","30.44K","-0.11%"
"Oct 20, 2019","8,219.1","7,949.1","8,289.0","7,884.9","34.27K","3.41%"
"Oct 19, 2019","7,948.0","7,947.3","8,058.8","7,882.9","26.63K","0.06%"
"Oct 18, 2019","7,943.6","8,070.6","8,111.6","7,829.0","31.35K","-1.49%"
"Oct 17, 2019","8,063.8","7,993.2","8,115.0","7,933.8","29.65K","0.84%"
"Oct 16, 2019","7,996.9","8,153.5","8,180.9","7,930.0","34.75K","-2.00%"
"Oct 15, 2019","8,159.9","8,346.9","8,393.2","8,121.2","32.77K","-2.21%"
"Oct 14, 2019","8,344.7","8,270.9","8,372.1","8,209.1","29.79K","0.80%"
"Oct 13, 2019","8,278.7","8,299.5","8,449.9","8,175.0","27.85K","-0.30%"
"Oct 12, 2019","8,304.0","8,251.5","8,392.6","8,251.5","21.33K","0.51%"
"Oct 11, 2019","8,262.1","8,563.6","8,757.5","8,245.0","50.40K","-3.46%"
"Oct 10, 2019","8,557.8","8,561.0","8,641.8","8,437.6","39.14K","-0.07%"
"Oct 09, 2019","8,563.8","8,177.5","8,656.8","8,115.1","55.07K","4.81%"
"Oct 08, 2019","8,171.1","8,197.0","8,323.8","8,111.6","35.45K","-0.25%"
"Oct 07, 2019","8,192.0","7,861.9","8,291.7","7,772.6","52.22K","4.25%"
"Oct 06, 2019","7,857.7","8,133.0","8,147.6","7,800.0","34.67K","-3.31%"
"Oct 05, 2019","8,127.0","8,139.7","8,178.0","8,020.4","21.91K","-0.12%"
"Oct 04, 2019","8,137.1","8,226.8","8,231.1","8,011.5","26.48K","-0.99%"
"Oct 03, 2019","8,218.7","8,370.0","8,386.3","8,079.8","30.50K","-1.69%"
"Oct 02, 2019","8,360.2","8,291.2","8,368.7","8,154.6","26.23K","0.78%"
"Oct 01, 2019","8,295.7","8,295.1","8,499.7","8,179.4","43.49K","0.15%"
"Sep 30, 2019","8,283.3","8,052.1","8,318.7","7,740.0","55.86K","3.00%"
"Sep 29, 2019","8,042.1","8,213.0","8,223.3","7,908.5","31.55K","-1.99%"
"Sep 28, 2019","8,205.0","8,180.0","8,300.9","8,021.4","34.46K","0.33%"
"Sep 27, 2019","8,178.2","8,060.6","8,252.0","7,869.7","43.88K","1.42%"
"Sep 26, 2019","8,063.4","8,428.2","8,460.1","7,770.0","67.93K","-4.30%"
"Sep 25, 2019","8,426.0","8,510.7","8,725.6","8,232.0","60.81K","-0.79%"
"Sep 24, 2019","8,493.2","9,700.8","9,791.7","7,813.2","93.99K","-12.35%"
"Sep 23, 2019","9,690.2","10,034.1","10,048.0","9,647.0","31.95K","-3.35%"
"Sep 22, 2019","10,026.5","9,988.8","10,073.8","9,859.7","22.05K","0.41%"
"Sep 21, 2019","9,985.2","10,172.3","10,173.0","9,922.0","20.54K","-1.79%"
"Sep 20, 2019","10,167.0","10,259.0","10,273.8","10,080.8","25.10K","-0.77%"
"Sep 19, 2019","10,246.1","10,156.9","10,323.5","9,672.6","44.81K","0.88%"
"Sep 18, 2019","10,157.0","10,184.6","10,254.9","10,108.3","24.25K","-0.35%"
"Sep 17, 2019","10,192.7","10,256.0","10,267.2","10,143.8","22.93K","-0.62%"
"Sep 16, 2019","10,256.4","10,305.1","10,354.4","10,100.0","28.95K","-0.46%"
"Sep 15, 2019","10,303.6","10,337.0","10,359.4","10,262.0","18.05K","-0.27%"
"Sep 14, 2019","10,332.0","10,350.0","10,419.9","10,249.1","23.63K","-0.10%"
"Sep 13, 2019","10,342.4","10,426.0","10,437.9","10,155.9","30.27K","-0.69%"
"Sep 12, 2019","10,413.8","10,164.1","10,446.3","10,041.8","34.51K","2.49%"
"Sep 11, 2019","10,160.9","10,093.2","10,282.4","9,901.3","31.96K","0.58%"
"Sep 10, 2019","10,102.3","10,303.7","10,378.0","9,963.6","28.93K","-1.99%"
"Sep 09, 2019","10,307.3","10,391.5","10,471.0","10,076.8","39.82K","-0.85%"
"Sep 08, 2019","10,395.4","10,461.0","10,578.4","10,283.6","23.98K","-0.56%"
"Sep 07, 2019","10,454.2","10,297.9","10,547.5","10,297.9","27.65K","1.47%"
"Sep 06, 2019","10,302.3","10,563.8","10,893.0","10,223.6","58.79K","-2.50%"
"Sep 05, 2019","10,566.8","10,565.9","10,635.2","10,475.8","33.97K","-0.04%"
"Sep 04, 2019","10,571.3","10,611.6","10,787.5","10,383.1","43.97K","-0.36%"
"Sep 03, 2019","10,609.7","10,358.1","10,757.5","10,279.0","48.00K","2.53%"
"Sep 02, 2019","10,347.8","9,724.7","10,443.8","9,714.8","44.96K","6.41%"
"Sep 01, 2019","9,724.0","9,583.6","9,805.0","9,524.8","19.28K","1.40%"
"Aug 31, 2019","9,589.5","9,582.0","9,674.3","9,456.2","17.13K","0.06%"
"Aug 30, 2019","9,583.5","9,496.2","9,675.0","9,366.6","26.84K","1.01%"
"Aug 29, 2019","9,487.8","9,720.3","9,720.3","9,341.7","35.54K","-2.40%"
"Aug 28, 2019","9,721.2","10,183.1","10,267.0","9,610.0","42.11K","-4.54%"
"Aug 27, 2019","10,183.7","10,390.2","10,390.9","10,058.2","28.40K","-1.83%"
"Aug 26, 2019","10,373.6","10,145.3","10,578.3","10,145.3","41.69K","2.38%"
"Aug 25, 2019","10,132.4","10,144.2","10,322.0","9,952.5","26.27K","0.00%"
"Aug 24, 2019","10,132.2","10,393.3","10,413.8","9,902.7","27.69K","-2.47%"
"Aug 23, 2019","10,388.4","10,092.8","10,429.7","10,030.7","27.54K","2.87%"
"Aug 22, 2019","10,098.7","10,151.7","10,228.2","9,786.8","34.07K","-0.41%"
"Aug 21, 2019","10,140.5","10,765.0","10,799.6","9,881.0","47.36K","-5.62%"
"Aug 20, 2019","10,744.8","10,931.1","10,947.4","10,564.0","32.28K","-1.47%"
"Aug 19, 2019","10,905.6","10,304.0","10,922.3","10,258.9","37.23K","5.79%"
"Aug 18, 2019","10,308.4","10,215.7","10,498.6","10,082.2","24.08K","0.92%"
"Aug 17, 2019","10,214.3","10,328.2","10,462.8","10,013.9","29.00K","-1.17%"
"Aug 16, 2019","10,335.2","10,286.8","10,531.0","9,789.5","51.77K","0.27%"
"Aug 15, 2019","10,307.1","10,102.6","10,449.9","9,929.8","38.18K","2.51%"
"Aug 14, 2019","10,054.6","10,893.7","10,893.7","9,950.0","54.44K","-7.64%"
"Aug 13, 2019","10,886.6","11,391.3","11,445.0","10,802.5","33.22K","-4.40%"
"Aug 12, 2019","11,387.2","11,554.4","11,554.4","11,267.3","18.27K","-1.73%"
"Aug 11, 2019","11,587.5","11,316.4","11,587.5","11,143.4","26.04K","2.45%"
"Aug 10, 2019","11,310.2","11,880.0","11,979.0","11,270.6","42.63K","-4.80%"
"Aug 09, 2019","11,880.0","12,036.6","12,040.1","11,700.0","39.51K","-1.11%"
"Aug 08, 2019","12,013.4","12,002.0","12,054.4","11,546.5","51.14K","0.42%"
"Aug 07, 2019","11,962.9","11,478.3","12,130.0","11,411.1","69.17K","4.18%"
"Aug 06, 2019","11,483.3","11,816.5","12,292.0","11,230.3","76.70K","-2.81%"
"Aug 05, 2019","11,815.0","10,945.8","11,930.0","10,941.3","65.15K","8.13%"
"Aug 04, 2019","10,926.5","10,814.1","11,024.6","10,557.8","39.92K","1.04%"
"Aug 03, 2019","10,814.1","10,525.0","10,899.9","10,502.6","33.80K","2.79%"
"Aug 02, 2019","10,521.0","10,382.5","10,660.0","10,320.5","42.99K","1.42%"
"Aug 01, 2019","10,374.1","10,094.1","10,464.4","9,885.3","41.73K","2.91%"
"Jul 31, 2019","10,080.5","9,574.3","10,089.5","9,555.2","39.52K","5.25%"
"Jul 30, 2019","9,577.2","9,510.9","9,711.2","9,402.0","32.54K","0.66%"
"Jul 29, 2019","9,514.3","9,549.8","9,718.6","9,398.8","29.03K","-0.21%"
"Jul 28, 2019","9,534.6","9,476.7","9,588.5","9,194.5","29.39K","0.51%"
"Jul 27, 2019","9,486.7","9,820.0","10,164.9","9,342.1","43.80K","-3.43%"
"Jul 26, 2019","9,824.1","9,870.0","9,875.0","9,638.1","27.17K","-0.59%"
"Jul 25, 2019","9,882.5","9,757.5","10,174.6","9,730.0","37.87K","1.27%"
"Jul 24, 2019","9,758.8","9,862.7","9,931.0","9,558.2","43.54K","-0.93%"
"Jul 23, 2019","9,850.0","10,318.5","10,334.5","9,846.7","47.56K","-4.75%"
"Jul 22, 2019","10,340.8","10,597.1","10,669.7","10,117.2","40.47K","-2.28%"
"Jul 21, 2019","10,582.5","10,737.8","10,807.1","10,302.8","38.84K","-1.47%"
"Jul 20, 2019","10,740.8","10,515.7","11,053.4","10,385.9","47.32K","2.32%"
"Jul 19, 2019","10,497.4","10,640.0","10,729.1","10,122.6","56.55K","-1.21%"
"Jul 18, 2019","10,626.1","9,688.4","10,770.1","9,276.6","80.31K","9.91%"
"Jul 17, 2019","9,667.9","9,435.3","9,957.0","9,060.0","84.96K","2.52%"
"Jul 16, 2019","9,430.5","10,839.2","11,021.5","9,370.8","97.27K","-12.98%"
"Jul 15, 2019","10,837.7","10,171.0","11,066.1","9,888.0","81.91K","6.39%"
"Jul 14, 2019","10,186.6","11,360.9","11,450.6","10,105.0","72.51K","-10.42%"
"Jul 13, 2019","11,372.0","11,768.7","11,795.0","10,836.5","54.23K","-3.28%"
"Jul 12, 2019","11,757.4","11,342.9","11,880.0","11,113.5","56.32K","3.67%"
"Jul 11, 2019","11,341.0","12,105.0","12,105.0","11,005.0","87.50K","-6.31%"
"Jul 10, 2019","12,105.3","12,547.7","13,130.0","11,588.0","109.30K","-3.49%"
"Jul 09, 2019","12,542.9","12,247.4","12,778.1","12,086.3","78.46K","2.49%"
"Jul 08, 2019","12,238.0","11,417.5","12,336.7","11,306.0","52.18K","7.24%"
"Jul 07, 2019","11,412.1","11,214.5","11,520.0","11,111.4","38.93K","1.35%"
"Jul 06, 2019","11,260.0","10,978.7","11,641.2","10,978.7","51.45K","2.76%"
"Jul 05, 2019","10,957.1","11,137.3","11,394.3","10,826.4","63.57K","-1.88%"
"Jul 04, 2019","11,167.1","11,970.7","11,998.0","11,099.0","66.50K","-6.54%"
"Jul 03, 2019","11,948.9","10,882.0","11,990.2","10,882.0","96.81K","10.18%"
"Jul 02, 2019","10,845.1","10,616.5","10,931.3","9,739.1","109.56K","2.06%"
"Jul 01, 2019","10,626.2","10,848.6","11,266.9","10,043.1","90.98K","-1.86%"
"Jun 30, 2019","10,828.0","11,938.4","12,178.5","10,776.2","84.46K","-9.00%"
"Jun 29, 2019","11,898.4","12,396.5","12,440.7","11,520.5","69.64K","-4.24%"
"Jun 28, 2019","12,425.5","11,307.3","12,475.8","11,018.5","95.80K","9.60%"
"Jun 27, 2019","11,337.1","13,083.9","13,472.1","10,535.7","173.89K","-13.46%"
"Jun 26, 2019","13,100.1","11,822.2","13,960.0","11,765.7","155.84K","10.65%"
"Jun 25, 2019","11,839.1","11,066.8","11,849.6","11,038.1","61.26K","7.10%"
"Jun 24, 2019","11,054.3","10,892.2","11,134.7","10,622.0","43.10K","1.36%"
"Jun 23, 2019","10,906.5","10,722.2","11,384.0","10,572.0","57.44K","1.64%"
"Jun 22, 2019","10,730.0","10,159.9","11,149.5","9,950.0","104.19K","5.47%"
"Jun 21, 2019","10,173.1","9,531.0","10,173.1","9,526.3","50.31K","6.92%"
"Jun 20, 2019","9,514.8","9,266.8","9,587.0","9,182.2","34.56K","2.82%"
"Jun 19, 2019","9,253.7","9,096.9","9,296.0","9,042.8","32.15K","1.88%"
"Jun 18, 2019","9,082.6","9,329.1","9,333.6","8,963.3","51.56K","-2.48%"
"Jun 17, 2019","9,313.4","8,956.5","9,421.3","8,956.5","47.89K","3.86%"
"Jun 16, 2019","8,967.5","8,813.0","9,326.9","8,762.2","63.27K","1.77%"
"Jun 15, 2019","8,811.1","8,650.0","8,852.5","8,576.1","31.80K","1.84%"
"Jun 14, 2019","8,651.5","8,219.1","8,682.0","8,151.8","39.83K","5.30%"
"Jun 13, 2019","8,216.4","8,126.8","8,308.8","8,029.2","30.47K","1.01%"
"Jun 12, 2019","8,134.1","7,887.7","8,198.0","7,795.2","41.60K","3.16%"
"Jun 11, 2019","7,884.8","7,990.0","8,007.3","7,713.1","30.34K","-1.28%"
"Jun 10, 2019","7,987.3","7,619.0","8,018.1","7,522.9","36.75K","4.61%"
"Jun 09, 2019","7,635.2","7,894.5","7,935.0","7,512.2","31.57K","-3.29%"
"Jun 08, 2019","7,894.6","7,980.5","8,043.0","7,767.3","22.69K","-1.18%"
"Jun 07, 2019","7,989.3","7,787.6","8,095.6","7,743.4","33.92K","2.71%"
"Jun 06, 2019","7,778.7","7,760.9","7,862.6","7,479.2","36.62K","0.04%"
"Jun 05, 2019","7,775.6","7,690.1","7,887.4","7,594.5","48.68K","1.06%"
"Jun 04, 2019","7,693.9","8,102.6","8,102.6","7,500.0","74.28K","-5.46%"
"Jun 03, 2019","8,138.0","8,731.1","8,734.0","8,100.0","45.54K","-6.66%"
"Jun 02, 2019","8,718.4","8,539.0","8,810.0","8,527.1","27.83K","2.04%"
"Jun 01, 2019","8,544.4","8,553.8","8,620.3","8,446.0","31.89K","-0.20%"
"May 31, 2019","8,561.8","8,262.7","8,578.8","8,123.3","44.72K","3.61%"
"May 30, 2019","8,263.5","8,639.0","9,059.1","8,054.9","70.38K","-4.43%"
"May 29, 2019","8,646.1","8,710.3","8,747.9","8,430.3","33.88K","-0.85%"
"May 28, 2019","8,720.0","8,753.1","8,797.0","8,554.2","31.47K","-0.44%"
"May 27, 2019","8,758.6","8,615.0","8,904.3","8,591.0","51.87K","1.56%"
"May 26, 2019","8,623.8","8,025.3","8,731.0","7,859.9","49.64K","7.46%"
"May 25, 2019","8,025.1","7,961.7","8,087.9","7,915.7","28.42K","0.73%"
"May 24, 2019","7,966.6","7,854.5","8,119.6","7,768.7","46.69K","1.53%"
"May 23, 2019","7,846.6","7,619.6","7,935.0","7,478.5","49.65K","2.81%"
"May 22, 2019","7,631.8","7,904.8","7,990.0","7,538.6","49.11K","-3.51%"
"May 21, 2019","7,909.4","7,936.5","8,035.0","7,784.4","52.30K","-0.39%"
"May 20, 2019","7,940.6","8,151.1","8,151.1","7,581.9","65.88K","-2.52%"
"May 19, 2019","8,145.9","7,247.7","8,270.0","7,247.7","65.56K","12.23%"
"May 18, 2019","7,258.4","7,366.4","7,452.6","7,202.0","37.06K","-1.35%"
"May 17, 2019","7,358.1","7,863.3","7,921.8","6,954.1","88.74K","-6.50%"
"May 16, 2019","7,869.8","8,163.1","8,314.3","7,719.4","69.66K","-3.70%"
"May 15, 2019","8,171.8","7,946.5","8,249.0","7,855.4","37.86K","2.88%"
"May 14, 2019","7,942.9","7,796.0","8,347.0","7,600.0","76.59K","1.89%"
"May 13, 2019","7,795.9","6,962.5","8,094.0","6,880.6","85.79K","11.84%"
"May 12, 2019","6,970.7","7,069.2","7,514.6","6,761.5","87.02K","-1.96%"
"May 11, 2019","7,110.1","6,378.3","7,333.4","6,378.3","73.96K","11.52%"
"May 10, 2019","6,375.5","6,211.9","6,466.1","6,176.8","36.62K","2.68%"
"May 09, 2019","6,208.8","5,985.6","6,221.0","5,985.6","27.45K","3.76%"
"May 08, 2019","5,983.8","5,838.0","6,014.0","5,789.9","23.11K","2.46%"
"May 07, 2019","5,840.1","5,752.5","6,016.0","5,751.9","39.88K","1.62%"
"May 06, 2019","5,747.1","5,778.0","5,802.8","5,630.3","25.26K","-0.43%"
"May 05, 2019","5,772.0","5,831.5","5,837.2","5,699.6","23.82K","-1.02%"
"May 04, 2019","5,831.2","5,771.5","5,897.9","5,606.3","39.68K","1.08%"
"May 03, 2019","5,768.7","5,490.8","5,842.6","5,479.0","46.30K","5.02%"
"May 02, 2019","5,492.9","5,384.1","5,535.0","5,370.0","22.80K","2.00%"
"May 01, 2019","5,385.0","5,320.8","5,398.2","5,317.6","17.22K","1.26%"
"Apr 30, 2019","5,318.0","5,237.1","5,336.5","5,194.3","22.24K","1.55%"
"Apr 29, 2019","5,237.0","5,307.1","5,330.9","5,193.8","19.91K","-1.38%"
"Apr 28, 2019","5,310.5","5,296.5","5,337.3","5,270.5","14.37K","0.30%"
"Apr 27, 2019","5,294.8","5,311.2","5,341.9","5,259.5","15.42K","-0.34%"
"Apr 26, 2019","5,313.0","5,215.9","5,499.0","5,170.6","48.92K","1.76%"
"Apr 25, 2019","5,221.1","5,409.6","5,487.4","5,135.3","49.65K","-3.62%"
"Apr 24, 2019","5,417.3","5,488.1","5,582.0","5,345.4","48.21K","-1.42%"
"Apr 23, 2019","5,495.2","5,357.8","5,594.3","5,334.9","41.25K","2.60%"
"Apr 22, 2019","5,356.0","5,259.1","5,390.0","5,215.2","29.57K","1.84%"
"Apr 21, 2019","5,259.4","5,289.9","5,312.3","5,172.7","25.55K","-0.58%"
"Apr 20, 2019","5,290.0","5,258.4","5,330.1","5,231.0","19.17K","0.61%"
"Apr 19, 2019","5,257.8","5,259.4","5,317.7","5,182.6","24.61K","-0.01%"
"Apr 18, 2019","5,258.6","5,204.1","5,287.0","5,198.8","22.62K","1.05%"
"Apr 17, 2019","5,204.0","5,171.0","5,227.7","5,158.6","23.31K","0.55%"
"Apr 16, 2019","5,175.3","5,022.9","5,195.9","5,007.2","24.25K","2.85%"
"Apr 15, 2019","5,031.9","5,131.3","5,166.1","4,950.0","29.06K","-1.91%"
"Apr 14, 2019","5,130.0","5,043.9","5,152.4","5,002.6","18.27K","1.68%"
"Apr 13, 2019","5,045.2","5,046.7","5,089.8","5,007.1","17.29K","-0.08%"
"Apr 12, 2019","5,049.0","5,015.1","5,075.0","4,886.9","33.28K","0.67%"
"Apr 11, 2019","5,015.5","5,315.0","5,330.7","4,930.4","54.70K","-5.45%"
"Apr 10, 2019","5,304.6","5,150.9","5,405.4","5,138.0","40.13K","2.98%"
"Apr 09, 2019","5,151.3","5,237.2","5,237.2","5,078.0","34.01K","-1.67%"
"Apr 08, 2019","5,238.9","5,169.8","5,298.5","5,046.7","50.18K","1.32%"
"Apr 07, 2019","5,170.7","5,042.2","5,218.4","5,031.0","37.61K","2.53%"
"Apr 06, 2019","5,043.0","5,005.0","5,195.1","4,949.0","41.77K","0.81%"
"Apr 05, 2019","5,002.7","4,905.9","5,027.0","4,883.2","39.76K","2.13%"
"Apr 04, 2019","4,898.5","4,931.0","5,036.1","4,780.0","61.06K","-0.72%"
"Apr 03, 2019","4,934.1","4,859.5","5,268.3","4,770.0","109.89K","1.53%"
"Apr 02, 2019","4,860.0","4,144.5","4,890.8","4,140.6","105.37K","17.24%"
"Apr 01, 2019","4,145.2","4,102.0","4,157.5","4,071.2","25.52K","1.03%"
"Mar 31, 2019","4,103.0","4,107.5","4,116.1","4,083.6","13.53K","-0.09%"
"Mar 30, 2019","4,106.6","4,103.0","4,139.3","4,056.7","19.53K","0.11%"
"Mar 29, 2019","4,102.1","4,027.5","4,122.0","4,025.1","30.08K","1.84%"
"Mar 28, 2019","4,027.8","4,035.0","4,035.3","4,004.9","20.10K","-0.29%"
"Mar 27, 2019","4,039.7","3,948.6","4,046.1","3,936.8","32.36K","2.35%"
"Mar 26, 2019","3,946.9","3,937.3","3,950.4","3,897.8","29.34K","0.30%"
"Mar 25, 2019","3,935.0","3,991.6","3,998.9","3,892.0","33.19K","-1.41%"
"Mar 24, 2019","3,991.2","4,002.0","4,004.1","3,964.3","17.18K","-0.37%"
"Mar 23, 2019","4,006.0","3,986.8","4,017.4","3,979.4","17.31K","0.44%"
"Mar 22, 2019","3,988.6","3,980.6","4,005.3","3,970.0","20.01K","0.19%"
"Mar 21, 2019","3,980.9","4,043.0","4,060.0","3,900.0","36.00K","-1.53%"
"Mar 20, 2019","4,042.9","4,016.2","4,046.1","3,985.0","23.43K","0.61%"
"Mar 19, 2019","4,018.3","3,988.0","4,030.9","3,971.5","19.89K","0.76%"
"Mar 18, 2019","3,987.8","3,981.0","4,034.1","3,954.9","22.45K","0.15%"
"Mar 17, 2019","3,981.9","4,005.8","4,007.3","3,954.7","18.81K","-0.60%"
"Mar 16, 2019","4,006.0","3,923.0","4,051.0","3,922.4","28.57K","2.08%"
"Mar 15, 2019","3,924.3","3,879.5","3,936.2","3,877.4","21.74K","1.23%"
"Mar 14, 2019","3,876.7","3,864.4","3,917.9","3,819.2","27.05K","0.28%"
"Mar 13, 2019","3,866.0","3,884.9","3,892.1","3,843.4","24.47K","-0.43%"
"Mar 12, 2019","3,882.8","3,871.0","3,903.9","3,826.9","26.94K","0.29%"
"Mar 11, 2019","3,871.7","3,918.9","3,936.0","3,838.4","38.06K","-1.18%"
"Mar 10, 2019","3,917.7","3,939.9","3,939.9","3,889.4","23.19K","-0.61%"
"Mar 09, 2019","3,941.9","3,862.9","3,965.6","3,856.0","30.98K","1.94%"
"Mar 08, 2019","3,866.9","3,874.1","3,928.3","3,805.1","34.72K","-0.19%"
"Mar 07, 2019","3,874.4","3,863.0","3,904.9","3,846.8","26.46K","0.35%"
"Mar 06, 2019","3,860.8","3,857.7","3,882.5","3,817.7","24.79K","0.09%"
"Mar 05, 2019","3,857.5","3,716.1","3,876.0","3,705.4","32.97K","3.83%"
"Mar 04, 2019","3,715.0","3,807.8","3,828.0","3,674.9","34.74K","-2.40%"
"Mar 03, 2019","3,806.4","3,820.3","3,834.7","3,784.8","16.72K","-0.36%"
"Mar 02, 2019","3,820.0","3,820.5","3,840.4","3,775.0","19.45K","-0.08%"
"Mar 01, 2019","3,823.2","3,813.6","3,856.3","3,813.4","23.18K","0.24%"
"Feb 28, 2019","3,814.2","3,818.1","3,880.0","3,787.3","32.56K","-0.08%"
"Feb 27, 2019","3,817.1","3,808.3","3,833.8","3,690.5","31.50K","0.18%"
"Feb 26, 2019","3,810.4","3,828.7","3,841.5","3,784.9","28.84K","-0.46%"
"Feb 25, 2019","3,828.1","3,742.1","3,870.9","3,742.1","38.10K","2.23%"
"Feb 24, 2019","3,744.6","4,117.5","4,194.8","3,718.0","62.22K","-9.02%"
"Feb 23, 2019","4,115.7","3,963.1","4,156.1","3,934.0","33.77K","3.86%"
"Feb 22, 2019","3,962.7","3,937.4","3,985.9","3,930.3","23.94K","0.64%"
"Feb 21, 2019","3,937.6","3,971.0","4,011.0","3,905.1","31.12K","-0.81%"
"Feb 20, 2019","3,969.7","3,907.8","3,983.4","3,873.7","36.21K","1.53%"
"Feb 19, 2019","3,910.0","3,897.0","3,992.0","3,859.0","50.21K","0.27%"
"Feb 18, 2019","3,899.4","3,666.5","3,922.7","3,659.0","64.06K","6.29%"
"Feb 17, 2019","3,668.7","3,617.2","3,693.6","3,605.8","25.69K","1.47%"
"Feb 16, 2019","3,615.6","3,602.1","3,646.5","3,598.6","19.56K","0.39%"
"Feb 15, 2019","3,601.6","3,587.9","3,650.0","3,574.9","20.78K","0.31%"
"Feb 14, 2019","3,590.6","3,609.4","3,625.2","3,576.1","21.75K","-0.51%"
"Feb 13, 2019","3,609.2","3,631.5","3,664.4","3,595.0","25.77K","-0.63%"
"Feb 12, 2019","3,631.9","3,630.5","3,662.4","3,590.8","29.49K","0.00%"
"Feb 11, 2019","3,631.9","3,680.0","3,683.0","3,617.9","24.96K","-1.33%"
"Feb 10, 2019","3,680.9","3,666.0","3,680.9","3,610.3","23.25K","0.43%"
"Feb 09, 2019","3,665.0","3,661.6","3,676.1","3,630.0","24.79K","0.19%"
"Feb 08, 2019","3,658.0","3,398.1","3,730.9","3,378.0","47.96K","7.65%"
"Feb 07, 2019","3,398.2","3,405.6","3,425.6","3,391.4","18.67K","-0.24%"
"Feb 06, 2019","3,406.4","3,471.5","3,479.4","3,384.0","35.31K","-1.80%"
"Feb 05, 2019","3,469.0","3,461.2","3,479.0","3,448.6","25.24K","0.15%"
"Feb 04, 2019","3,463.6","3,458.0","3,483.1","3,434.2","23.13K","0.16%"
"Feb 03, 2019","3,458.1","3,509.4","3,510.6","3,427.2","19.88K","-1.31%"
"Feb 02, 2019","3,503.9","3,462.2","3,516.5","3,440.8","17.91K","1.17%"
"Feb 01, 2019","3,463.5","3,433.6","3,484.1","3,403.0","25.22K","1.04%"
"Jan 31, 2019","3,428.0","3,457.4","3,487.6","3,420.0","29.60K","-0.90%"
"Jan 30, 2019","3,459.0","3,409.9","3,477.2","3,388.6","23.97K","1.35%"
"Jan 29, 2019","3,412.9","3,434.8","3,443.0","3,359.4","29.55K","-0.62%"
"Jan 28, 2019","3,434.2","3,550.3","3,557.5","3,386.3","40.40K","-3.29%"
"Jan 27, 2019","3,551.0","3,564.4","3,578.9","3,500.0","22.74K","-0.41%"
"Jan 26, 2019","3,565.6","3,566.8","3,654.3","3,547.2","19.48K","-0.04%"
"Jan 25, 2019","3,567.0","3,570.7","3,579.2","3,537.0","17.61K","-0.09%"
"Jan 24, 2019","3,570.1","3,552.6","3,585.4","3,529.3","20.83K","0.48%"
"Jan 23, 2019","3,553.0","3,568.6","3,607.4","3,517.5","24.94K","-0.50%"
"Jan 22, 2019","3,571.0","3,525.7","3,603.8","3,453.0","29.33K","1.25%"
"Jan 21, 2019","3,526.9","3,542.6","3,554.5","3,493.0","19.66K","-0.23%"
"Jan 20, 2019","3,535.0","3,664.4","3,692.6","3,481.8","27.89K","-3.65%"
"Jan 19, 2019","3,668.9","3,594.9","3,712.7","3,594.2","22.16K","2.04%"
"Jan 18, 2019","3,595.5","3,615.3","3,619.7","3,566.3","22.73K","-0.65%"
"Jan 17, 2019","3,619.1","3,595.6","3,627.8","3,539.0","29.76K","0.89%"
"Jan 16, 2019","3,587.3","3,552.1","3,633.0","3,544.8","27.49K","0.93%"
"Jan 15, 2019","3,554.1","3,626.5","3,646.5","3,519.9","34.13K","-1.99%"
"Jan 14, 2019","3,626.1","3,478.2","3,661.1","3,467.3","35.24K","4.30%"
"Jan 13, 2019","3,476.7","3,583.1","3,597.2","3,448.8","26.38K","-3.00%"
"Jan 12, 2019","3,584.1","3,598.1","3,615.6","3,543.5","22.03K","-0.53%"
"Jan 11, 2019","3,603.1","3,586.1","3,647.2","3,544.0","38.33K","0.48%"
"Jan 10, 2019","3,585.9","3,966.1","3,995.9","3,542.0","59.41K","-9.54%"
"Jan 09, 2019","3,964.0","3,957.0","4,000.2","3,941.4","28.99K","0.23%"
"Jan 08, 2019","3,955.0","3,975.2","4,055.5","3,929.7","38.90K","-0.55%"
"Jan 07, 2019","3,976.7","3,986.4","4,015.0","3,934.3","31.87K","-0.27%"
"Jan 06, 2019","3,987.4","3,772.1","4,019.6","3,743.9","36.55K","5.71%"
"Jan 05, 2019","3,772.0","3,790.1","3,837.8","3,755.6","30.52K","-0.48%"
"Jan 04, 2019","3,790.0","3,765.5","3,820.0","3,705.2","29.51K","0.62%"
"Jan 03, 2019","3,766.6","3,858.0","3,861.4","3,732.2","29.41K","-2.35%"
"Jan 02, 2019","3,857.4","3,810.0","3,878.9","3,754.6","35.16K","1.61%"
"Jan 01, 2019","3,796.4","3,702.7","3,804.7","3,643.8","23.74K","2.53%"
"Dec 31, 2018","3,702.6","3,807.6","3,807.6","3,647.5","29.99K","-2.62%"
"Dec 30, 2018","3,802.3","3,711.0","3,819.7","3,662.6","33.23K","2.86%"
"Dec 29, 2018","3,696.7","3,847.5","3,885.4","3,678.6","38.87K","-3.73%"
"Dec 28, 2018","3,840.0","3,567.0","3,873.0","3,540.2","45.96K","7.68%"
"Dec 27, 2018","3,566.0","3,775.4","3,814.0","3,535.0","44.08K","-5.61%"
"Dec 26, 2018","3,777.8","3,741.3","3,827.0","3,658.1","42.63K","0.87%"
"Dec 25, 2018","3,745.1","4,008.0","4,017.7","3,649.0","62.73K","-6.66%"
"Dec 24, 2018","4,012.1","3,927.2","4,194.3","3,927.2","64.65K","2.12%"
"Dec 23, 2018","3,928.8","3,945.3","4,020.2","3,885.4","40.13K","-0.45%"
"Dec 22, 2018","3,946.5","3,843.0","3,963.2","3,788.0","42.81K","2.83%"
"Dec 21, 2018","3,837.7","4,048.9","4,135.2","3,765.0","82.34K","-5.24%"
"Dec 20, 2018","4,049.8","3,657.0","4,117.8","3,640.6","101.56K","10.47%"
"Dec 19, 2018","3,666.0","3,673.2","3,908.9","3,626.9","94.14K","0.38%"
"Dec 18, 2018","3,652.0","3,511.6","3,668.3","3,441.9","61.37K","4.04%"
"Dec 17, 2018","3,510.2","3,226.9","3,583.5","3,220.0","66.76K","8.68%"
"Dec 16, 2018","3,229.9","3,209.8","3,289.2","3,209.8","24.63K","0.53%"
"Dec 15, 2018","3,212.7","3,223.2","3,265.0","3,158.0","29.78K","-0.41%"
"Dec 14, 2018","3,226.0","3,302.0","3,322.5","3,178.0","44.49K","-2.28%"
"Dec 13, 2018","3,301.3","3,445.0","3,455.5","3,265.0","40.04K","-4.20%"
"Dec 12, 2018","3,446.1","3,383.5","3,492.0","3,365.0","33.93K","1.83%"
"Dec 11, 2018","3,384.1","3,435.9","3,458.6","3,331.9","35.91K","-1.52%"
"Dec 10, 2018","3,436.4","3,551.7","3,606.0","3,381.5","41.00K","-3.13%"
"Dec 09, 2018","3,547.6","3,409.3","3,653.0","3,395.1","45.96K","3.98%"
"Dec 08, 2018","3,411.6","3,401.2","3,487.0","3,281.8","55.36K","0.22%"
"Dec 07, 2018","3,404.0","3,507.1","3,532.2","3,226.9","95.17K","-2.99%"
"Dec 06, 2018","3,508.8","3,765.1","3,888.1","3,504.4","68.38K","-6.61%"
"Dec 05, 2018","3,756.9","3,955.9","3,969.0","3,750.8","43.98K","-4.99%"
"Dec 04, 2018","3,954.1","3,884.8","4,074.8","3,803.6","48.49K","1.79%"
"Dec 03, 2018","3,884.5","4,160.7","4,174.9","3,836.0","49.12K","-6.62%"
"Dec 02, 2018","4,159.7","4,190.5","4,308.5","4,104.8","38.89K","-0.73%"
"Dec 01, 2018","4,190.1","4,043.9","4,295.1","3,963.7","44.85K","3.77%"
"Nov 30, 2018","4,038.0","4,313.1","4,335.0","3,946.3","67.76K","-5.98%"
"Nov 29, 2018","4,294.8","4,262.1","4,440.6","4,132.0","73.98K","0.67%"
"Nov 28, 2018","4,266.3","3,878.7","4,389.0","3,878.7","91.98K","10.02%"
"Nov 27, 2018","3,877.9","3,860.0","3,936.4","3,698.1","67.48K","0.52%"
"Nov 26, 2018","3,858.0","4,093.0","4,199.3","3,701.3","94.51K","-5.63%"
"Nov 25, 2018","4,088.0","3,935.8","4,223.5","3,655.6","101.69K","3.91%"
"Nov 24, 2018","3,934.2","4,415.6","4,523.2","3,829.7","61.70K","-10.98%"
"Nov 23, 2018","4,419.2","4,378.8","4,478.5","4,231.9","49.43K","1.13%"
"Nov 22, 2018","4,370.0","4,667.5","4,719.5","4,353.8","34.53K","-6.20%"
"Nov 21, 2018","4,658.9","4,575.2","4,786.0","4,416.8","61.08K","2.17%"
"Nov 20, 2018","4,560.0","4,913.4","5,045.0","4,330.0","117.38K","-7.19%"
"Nov 19, 2018","4,913.0","5,664.0","5,664.0","4,868.0","70.56K","-13.23%"
"Nov 18, 2018","5,661.8","5,631.8","5,735.4","5,617.8","23.84K","0.53%"
"Nov 17, 2018","5,631.8","5,651.5","5,655.1","5,565.4","26.42K","-0.33%"
"Nov 16, 2018","5,650.6","5,742.5","5,776.5","5,549.6","38.72K","-1.73%"
"Nov 15, 2018","5,750.0","5,922.4","5,938.7","5,407.0","47.70K","-2.81%"
"Nov 14, 2018","5,916.1","6,461.8","6,480.5","5,672.3","46.48K","-8.41%"
"Nov 13, 2018","6,459.2","6,454.1","6,498.0","6,400.8","11.79K","0.09%"
"Nov 12, 2018","6,453.1","6,466.0","6,482.2","6,421.0","10.13K","0.02%"
"Nov 11, 2018","6,451.7","6,435.0","6,462.0","6,361.2","8.21K","0.26%"
"Nov 10, 2018","6,435.2","6,420.0","6,472.0","6,415.2","7.72K","0.26%"
"Nov 09, 2018","6,418.4","6,479.8","6,509.0","6,394.8","11.78K","-0.95%"
"Nov 08, 2018","6,479.9","6,578.4","6,592.9","6,473.0","13.26K","-1.50%"
"Nov 07, 2018","6,578.5","6,520.8","6,609.0","6,512.4","14.29K","0.97%"
"Nov 06, 2018","6,515.5","6,466.2","6,528.0","6,445.2","11.92K","0.71%"
"Nov 05, 2018","6,469.4","6,487.0","6,496.0","6,433.6","8.99K","-0.24%"
"Nov 04, 2018","6,485.2","6,388.0","6,518.4","6,359.1","10.59K","1.54%"
"Nov 03, 2018","6,387.0","6,432.4","6,439.8","6,348.4","7.66K","-0.71%"
"Nov 02, 2018","6,432.7","6,407.7","6,455.0","6,397.0","9.74K","0.35%"
"Nov 01, 2018","6,410.0","6,376.9","6,436.0","6,354.0","9.10K","0.60%"
"Oct 31, 2018","6,371.9","6,332.3","6,415.0","6,248.0","12.15K","0.66%"
"Oct 30, 2018","6,330.0","6,345.0","6,387.2","6,318.0","8.88K","-0.24%"
"Oct 29, 2018","6,345.0","6,487.9","6,504.4","6,317.0","13.83K","-2.22%"
"Oct 28, 2018","6,489.0","6,501.5","6,514.0","6,460.0","5.74K","-0.27%"
"Oct 27, 2018","6,506.9","6,539.8","6,555.8","6,476.5","7.78K","-0.50%"
"Oct 26, 2018","6,539.5","6,528.1","6,596.0","6,517.5","9.45K","0.18%"
"Oct 25, 2018","6,528.0","6,563.0","6,575.1","6,508.5","10.34K","-0.52%"
"Oct 24, 2018","6,562.1","6,553.0","6,628.2","6,549.0","11.95K","0.13%"
"Oct 23, 2018","6,553.5","6,579.7","6,594.8","6,516.5","13.86K","-0.44%"
"Oct 22, 2018","6,582.4","6,587.7","6,638.0","6,546.7","16.21K","-0.12%"
"Oct 21, 2018","6,590.2","6,582.8","6,657.0","6,580.0","6.52K","0.00%"
"Oct 20, 2018","6,590.0","6,525.0","6,613.7","6,505.6","19.25K","0.92%"
"Oct 19, 2018","6,529.9","6,619.8","6,643.0","6,524.8","20.77K","-1.34%"
"Oct 18, 2018","6,618.9","6,739.9","6,796.0","6,567.0","20.12K","-1.79%"
"Oct 17, 2018","6,739.6","6,756.1","6,801.0","6,683.6","26.64K","-0.35%"
"Oct 16, 2018","6,763.3","6,752.5","6,894.4","6,675.0","27.56K","0.16%"
"Oct 15, 2018","6,752.8","6,335.0","7,568.2","6,306.2","90.76K","6.58%"
"Oct 14, 2018","6,335.7","6,330.1","6,410.0","6,308.1","15.62K","0.06%"
"Oct 13, 2018","6,332.0","6,285.2","6,341.5","6,285.2","19.10K","0.54%"
"Oct 12, 2018","6,298.0","6,257.3","6,360.0","6,210.1","29.02K","0.73%"
"Oct 11, 2018","6,252.6","6,629.0","6,629.9","6,213.7","48.71K","-5.69%"
"Oct 10, 2018","6,630.2","6,658.6","6,658.6","6,532.9","15.39K","-0.44%"
"Oct 09, 2018","6,659.3","6,674.4","6,682.4","6,610.0","15.35K","-0.19%"
"Oct 08, 2018","6,672.0","6,612.2","6,707.0","6,589.0","23.13K","0.86%"
"Oct 07, 2018","6,615.0","6,596.5","6,637.7","6,526.0","17.42K","0.31%"
"Oct 06, 2018","6,594.4","6,637.0","6,650.0","6,567.4","10.94K","-0.64%"
"Oct 05, 2018","6,636.9","6,596.1","6,689.2","6,549.7","16.09K","0.65%"
"Oct 04, 2018","6,593.9","6,512.7","6,639.8","6,505.2","20.08K","1.29%"
"Oct 03, 2018","6,509.8","6,524.6","6,548.0","6,435.4","28.46K","-0.40%"
"Oct 02, 2018","6,536.0","6,608.7","6,632.8","6,504.0","28.23K","-1.14%"
"Oct 01, 2018","6,611.6","6,626.0","6,663.8","6,511.0","20.62K","-0.21%"
"Sep 30, 2018","6,625.8","6,595.5","6,662.0","6,540.0","27.77K","0.43%"
"Sep 29, 2018","6,597.7","6,634.5","6,636.0","6,465.4","30.26K","-0.56%"
"Sep 28, 2018","6,634.9","6,690.0","6,798.0","6,549.3","42.41K","-0.81%"
"Sep 27, 2018","6,689.0","6,465.6","6,735.7","6,435.6","33.10K","3.48%"
"Sep 26, 2018","6,464.1","6,445.2","6,555.0","6,384.7","33.48K","0.33%"
"Sep 25, 2018","6,442.6","6,580.1","6,580.1","6,335.8","40.30K","-2.15%"
"Sep 24, 2018","6,584.0","6,704.2","6,730.0","6,561.1","35.30K","-1.77%"
"Sep 23, 2018","6,702.5","6,726.5","6,786.8","6,661.8","30.29K","-0.31%"
"Sep 22, 2018","6,723.4","6,760.0","6,833.2","6,635.0","29.35K","-0.52%"
"Sep 21, 2018","6,758.5","6,498.8","6,777.0","6,495.3","51.78K","4.12%"
"Sep 20, 2018","6,491.0","6,396.8","6,535.3","6,335.1","25.18K","1.58%"
"Sep 19, 2018","6,390.3","6,336.3","6,505.0","6,133.0","39.06K","0.90%"
"Sep 18, 2018","6,333.0","6,245.9","6,388.4","6,229.5","32.60K","1.29%"
"Sep 17, 2018","6,252.3","6,508.0","6,532.9","6,211.0","35.99K","-3.85%"
"Sep 16, 2018","6,502.4","6,515.3","6,522.0","6,380.9","27.57K","-0.19%"
"Sep 15, 2018","6,515.0","6,482.6","6,563.0","6,472.0","25.24K","0.46%"
"Sep 14, 2018","6,485.4","6,488.0","6,583.9","6,402.7","37.18K","-0.03%"
"Sep 13, 2018","6,487.4","6,338.4","6,526.0","6,338.4","40.47K","2.37%"
"Sep 12, 2018","6,337.4","6,288.4","6,353.5","6,199.9","31.44K","0.65%"
"Sep 11, 2018","6,296.6","6,315.3","6,395.8","6,174.0","33.10K","-0.24%"
"Sep 10, 2018","6,312.0","6,250.8","6,349.0","6,239.5","32.44K","1.05%"
"Sep 09, 2018","6,246.5","6,185.0","6,431.7","6,149.8","37.05K","1.04%"
"Sep 08, 2018","6,182.0","6,399.0","6,478.0","6,111.0","38.22K","-3.29%"
"Sep 07, 2018","6,392.0","6,516.0","6,543.0","6,328.0","38.90K","-1.92%"
"Sep 06, 2018","6,517.0","6,690.8","6,723.6","6,310.0","60.71K","-2.90%"
"Sep 05, 2018","6,711.4","7,356.7","7,393.0","6,688.0","63.66K","-8.81%"
"Sep 04, 2018","7,359.6","7,261.0","7,408.0","7,240.0","35.29K","1.33%"
"Sep 03, 2018","7,263.1","7,300.6","7,335.1","7,198.0","32.40K","-0.54%"
"Sep 02, 2018","7,302.2","7,204.4","7,332.0","7,127.5","39.82K","1.42%"
"Sep 01, 2018","7,200.0","7,015.3","7,260.9","7,015.3","40.31K","2.70%"
"Aug 31, 2018","7,010.7","6,984.8","7,086.2","6,897.0","40.47K","0.43%"
"Aug 30, 2018","6,981.0","7,031.2","7,062.0","6,797.6","44.73K","-0.76%"
"Aug 29, 2018","7,034.2","7,075.0","7,127.7","6,920.6","43.25K","-0.60%"
"Aug 28, 2018","7,076.6","6,905.0","7,127.1","6,867.2","48.36K","2.50%"
"Aug 27, 2018","6,904.0","6,703.4","6,919.6","6,652.1","37.74K","3.02%"
"Aug 26, 2018","6,701.3","6,729.6","6,772.5","6,572.5","20.10K","-0.48%"
"Aug 25, 2018","6,734.0","6,681.7","6,784.8","6,655.5","19.23K","0.70%"
"Aug 24, 2018","6,687.0","6,525.0","6,715.9","6,469.9","38.29K","2.48%"
"Aug 23, 2018","6,525.0","6,357.3","6,550.0","6,342.3","40.43K","2.78%"
"Aug 22, 2018","6,348.2","6,485.5","6,872.9","6,255.0","77.81K","-2.01%"
"Aug 21, 2018","6,478.5","6,245.2","6,495.9","6,239.9","41.61K","3.59%"
"Aug 20, 2018","6,254.0","6,477.0","6,527.9","6,236.5","49.43K","-3.41%"
"Aug 19, 2018","6,475.0","6,386.8","6,537.0","6,305.0","45.18K","1.37%"
"Aug 18, 2018","6,387.8","6,576.0","6,615.0","6,289.1","53.75K","-2.97%"
"Aug 17, 2018","6,583.0","6,311.8","6,583.0","6,291.0","57.84K","4.30%"
"Aug 16, 2018","6,311.8","6,259.0","6,472.9","6,210.7","48.53K","0.75%"
"Aug 15, 2018","6,265.0","6,182.6","6,600.0","6,176.2","68.80K","1.24%"
"Aug 14, 2018","6,188.1","6,246.4","6,246.5","5,882.4","50.19K","-0.93%"
"Aug 13, 2018","6,246.3","6,311.5","6,513.5","6,150.0","53.90K","-0.98%"
"Aug 12, 2018","6,308.3","6,230.0","6,456.8","6,160.0","38.58K","1.47%"
"Aug 11, 2018","6,217.0","6,148.1","6,471.0","6,008.2","47.13K","1.16%"
"Aug 10, 2018","6,145.7","6,536.1","6,566.5","6,028.2","59.02K","-5.89%"
"Aug 09, 2018","6,530.0","6,273.0","6,619.0","6,192.7","51.94K","3.90%"
"Aug 08, 2018","6,285.0","6,716.4","6,716.4","6,126.0","59.55K","-6.48%"
"Aug 07, 2018","6,720.6","6,935.9","7,150.0","6,681.0","45.44K","-3.21%"
"Aug 06, 2018","6,943.9","7,026.5","7,150.0","6,842.8","32.76K","-1.10%"
"Aug 05, 2018","7,021.4","7,009.8","7,086.6","6,890.0","32.90K","0.11%"
"Aug 04, 2018","7,013.8","7,417.8","7,489.0","6,943.3","36.29K","-5.39%"
"Aug 03, 2018","7,413.6","7,520.7","7,535.3","7,285.0","44.68K","-1.54%"
"Aug 02, 2018","7,529.9","7,602.1","7,697.3","7,467.0","37.63K","-1.00%"
"Aug 01, 2018","7,606.3","7,743.6","7,749.0","7,440.0","42.59K","-1.57%"
"Jul 31, 2018","7,728.0","8,166.0","8,176.7","7,636.4","48.32K","-5.43%"
"Jul 30, 2018","8,171.4","8,223.2","8,260.5","7,866.0","39.66K","-0.52%"
"Jul 29, 2018","8,214.0","8,226.2","8,285.0","8,115.0","25.61K","-0.17%"
"Jul 28, 2018","8,228.0","8,193.9","8,234.5","8,075.1","26.14K","0.52%"
"Jul 27, 2018","8,185.4","7,924.6","8,281.8","7,811.2","43.73K","3.22%"
"Jul 26, 2018","7,930.0","8,181.4","8,310.9","7,853.0","43.18K","-3.00%"
"Jul 25, 2018","8,175.6","8,385.0","8,486.1","8,052.0","48.27K","-2.68%"
"Jul 24, 2018","8,400.3","7,718.9","8,472.0","7,698.5","60.12K","8.80%"
"Jul 23, 2018","7,721.0","7,393.2","7,811.8","7,377.0","41.66K","4.40%"
"Jul 22, 2018","7,395.5","7,399.3","7,576.0","7,340.0","30.27K","-0.04%"
"Jul 21, 2018","7,398.8","7,335.6","7,454.9","7,214.0","28.87K","0.83%"
"Jul 20, 2018","7,337.6","7,473.1","7,680.0","7,280.0","46.14K","-1.79%"
"Jul 19, 2018","7,471.6","7,372.6","7,550.0","7,277.2","41.26K","1.23%"
"Jul 18, 2018","7,381.0","7,313.7","7,578.5","7,232.6","59.48K","0.93%"
"Jul 17, 2018","7,313.0","6,705.0","7,450.0","6,654.9","52.11K","8.77%"
"Jul 16, 2018","6,723.3","6,352.3","6,743.4","6,333.3","36.20K","5.81%"
"Jul 15, 2018","6,354.1","6,254.1","6,394.8","6,230.4","22.97K","1.67%"
"Jul 14, 2018","6,250.0","6,214.5","6,319.7","6,179.0","17.79K","0.44%"
"Jul 13, 2018","6,222.7","6,233.2","6,328.1","6,134.2","26.44K","-0.44%"
"Jul 12, 2018","6,250.0","6,374.0","6,374.0","6,071.2","31.30K","-2.04%"
"Jul 11, 2018","6,380.3","6,302.0","6,397.4","6,281.2","28.72K","1.29%"
"Jul 10, 2018","6,299.3","6,653.8","6,679.4","6,277.9","38.57K","-5.45%"
"Jul 09, 2018","6,662.1","6,712.1","6,800.0","6,633.0","26.73K","-0.72%"
"Jul 08, 2018","6,710.6","6,771.4","6,780.0","6,676.6","24.58K","-0.69%"
"Jul 07, 2018","6,757.0","6,609.8","6,800.8","6,512.0","23.97K","2.32%"
"Jul 06, 2018","6,603.8","6,525.9","6,634.2","6,447.5","29.40K","1.12%"
"Jul 05, 2018","6,530.5","6,587.0","6,683.1","6,460.1","35.07K","-0.83%"
"Jul 04, 2018","6,585.0","6,516.0","6,775.6","6,466.0","23.59K","1.18%"
"Jul 03, 2018","6,508.0","6,617.0","6,679.3","6,467.0","38.68K","-1.66%"
"Jul 02, 2018","6,617.6","6,356.8","6,683.0","6,274.6","36.21K","4.08%"
"Jul 01, 2018","6,358.3","6,391.3","6,438.9","6,256.1","27.57K","-0.50%"
"Jun 30, 2018","6,390.0","6,199.1","6,495.1","6,186.0","37.89K","3.08%"
"Jun 29, 2018","6,199.1","5,851.9","6,288.0","5,799.9","33.92K","5.77%"
"Jun 28, 2018","5,861.0","6,134.7","6,161.8","5,827.0","30.56K","-4.46%"
"Jun 27, 2018","6,134.7","6,070.9","6,175.6","6,007.5","19.23K","0.90%"
"Jun 26, 2018","6,080.0","6,252.0","6,261.7","6,039.9","19.37K","-2.72%"
"Jun 25, 2018","6,250.0","6,131.5","6,341.9","6,084.2","39.17K","1.84%"
"Jun 24, 2018","6,137.0","6,166.7","6,235.9","5,751.4","47.45K","-0.19%"
"Jun 23, 2018","6,148.9","6,045.0","6,250.0","6,008.9","26.61K","1.77%"
"Jun 22, 2018","6,042.0","6,717.7","6,733.5","5,931.4","52.16K","-10.06%"
"Jun 21, 2018","6,717.7","6,755.5","6,790.9","6,680.5","25.44K","-0.66%"
"Jun 20, 2018","6,762.0","6,735.4","6,808.5","6,552.0","26.36K","0.40%"
"Jun 19, 2018","6,735.4","6,712.0","6,835.0","6,667.2","24.32K","0.36%"
"Jun 18, 2018","6,711.4","6,437.5","6,786.0","6,381.4","31.82K","4.19%"
"Jun 17, 2018","6,441.8","6,484.0","6,588.9","6,433.0","19.84K","-0.65%"
"Jun 16, 2018","6,484.0","6,376.0","6,545.3","6,329.8","22.28K","1.55%"
"Jun 15, 2018","6,385.0","6,638.9","6,640.0","6,369.0","30.02K","-3.74%"
"Jun 14, 2018","6,633.3","6,296.0","6,710.0","6,263.8","44.51K","5.40%"
"Jun 13, 2018","6,293.3","6,527.4","6,615.0","6,134.1","46.18K","-3.77%"
"Jun 12, 2018","6,540.0","6,878.3","6,878.3","6,440.0","36.70K","-4.85%"
"Jun 11, 2018","6,873.0","6,765.0","6,906.0","6,623.2","34.57K","1.57%"
"Jun 10, 2018","6,767.0","7,476.3","7,476.3","6,634.0","52.32K","-9.67%"
"Jun 09, 2018","7,491.8","7,610.0","7,681.9","7,457.3","19.34K","-1.47%"
"Jun 08, 2018","7,603.6","7,691.1","7,701.5","7,531.4","23.40K","-1.11%"
"Jun 07, 2018","7,688.5","7,657.8","7,755.8","7,637.1","25.05K","0.39%"
"Jun 06, 2018","7,658.8","7,637.5","7,695.0","7,479.0","27.24K","0.46%"
"Jun 05, 2018","7,624.0","7,489.3","7,675.4","7,367.5","31.73K","1.82%"
"Jun 04, 2018","7,488.0","7,714.3","7,742.3","7,450.8","32.26K","-2.93%"
"Jun 03, 2018","7,714.3","7,642.4","7,775.0","7,605.0","27.50K","0.99%"
"Jun 02, 2018","7,639.0","7,525.0","7,695.0","7,445.8","26.72K","1.58%"
"Jun 01, 2018","7,520.0","7,480.7","7,600.0","7,370.0","28.28K","0.43%"
"May 31, 2018","7,487.9","7,380.7","7,620.0","7,328.0","30.77K","1.40%"
"May 30, 2018","7,384.3","7,463.1","7,550.0","7,264.1","32.07K","-0.93%"
"May 29, 2018","7,453.3","7,104.0","7,527.8","7,034.7","39.37K","5.05%"
"May 28, 2018","7,094.9","7,350.8","7,434.5","7,061.0","27.22K","-3.32%"
"May 27, 2018","7,338.4","7,334.0","7,389.0","7,234.1","18.72K","0.04%"
"May 26, 2018","7,335.5","7,452.2","7,614.2","7,301.0","19.47K","-1.65%"
"May 25, 2018","7,458.5","7,580.0","7,645.0","7,328.6","26.72K","-1.59%"
"May 24, 2018","7,579.0","7,500.0","7,719.5","7,270.0","37.85K","1.17%"
"May 23, 2018","7,491.4","7,977.1","8,028.0","7,430.0","42.91K","-6.12%"
"May 22, 2018","7,980.0","8,389.0","8,399.0","7,948.6","23.71K","-4.84%"
"May 21, 2018","8,386.1","8,526.0","8,584.9","8,311.1","21.52K","-1.65%"
"May 20, 2018","8,527.0","8,215.9","8,590.0","8,167.6","19.97K","3.53%"
"May 19, 2018","8,236.0","8,239.0","8,385.0","8,130.8","17.19K","-0.02%"
"May 18, 2018","8,238.0","8,040.5","8,270.1","7,912.0","23.48K","2.44%"
"May 17, 2018","8,041.5","8,343.3","8,440.0","7,982.6","25.44K","-3.55%"
"May 16, 2018","8,337.3","8,460.2","8,486.2","8,094.4","31.13K","-1.49%"
"May 15, 2018","8,463.0","8,672.0","8,845.0","8,410.7","28.12K","-2.33%"
"May 14, 2018","8,664.9","8,676.0","8,872.6","8,286.0","37.41K","-0.17%"
"May 13, 2018","8,680.0","8,480.0","8,755.0","8,309.4","25.63K","2.47%"
"May 12, 2018","8,471.0","8,405.0","8,641.6","8,157.0","40.24K","0.85%"
"May 11, 2018","8,400.0","9,000.0","9,013.0","8,350.0","48.23K","-6.74%"
"May 10, 2018","9,006.7","9,323.2","9,394.0","8,983.6","25.06K","-3.26%"
"May 09, 2018","9,310.0","9,178.0","9,388.4","8,965.3","25.66K","1.30%"
"May 08, 2018","9,190.5","9,365.9","9,473.5","9,070.0","25.53K","-1.79%"
"May 07, 2018","9,358.3","9,651.0","9,689.6","9,190.0","33.79K","-3.14%"
"May 06, 2018","9,662.0","9,855.2","9,970.0","9,429.7","27.69K","-2.05%"
"May 05, 2018","9,864.0","9,697.0","10,002.0","9,686.3","24.99K","1.59%"
"May 04, 2018","9,710.0","9,749.0","9,820.2","9,530.0","28.68K","-0.42%"
"May 03, 2018","9,751.0","9,249.5","9,825.7","9,175.1","38.77K","5.44%"
"May 02, 2018","9,247.8","9,078.3","9,265.0","8,980.0","26.12K","1.94%"
"May 01, 2018","9,071.5","9,240.0","9,240.0","8,821.0","41.02K","-1.90%"
"Apr 30, 2018","9,246.9","9,427.7","9,456.0","9,125.4","35.00K","-1.80%"
"Apr 29, 2018","9,416.4","9,344.0","9,569.0","9,170.0","38.15K","0.73%"
"Apr 28, 2018","9,348.0","8,900.0","9,427.0","8,870.1","34.76K","4.80%"
"Apr 27, 2018","8,920.0","9,274.0","9,395.0","8,890.0","37.27K","-3.93%"
"Apr 26, 2018","9,285.0","8,850.0","9,305.4","8,660.0","43.27K","4.68%"
"Apr 25, 2018","8,870.0","9,630.0","9,750.0","8,730.0","81.11K","-7.86%"
"Apr 24, 2018","9,626.9","8,943.1","9,730.1","8,922.0","46.22K","7.68%"
"Apr 23, 2018","8,940.0","8,776.0","8,981.5","8,759.0","25.84K","1.74%"
"Apr 22, 2018","8,787.0","8,905.1","9,020.0","8,733.8","29.47K","-1.47%"
"Apr 21, 2018","8,918.0","8,860.0","9,022.0","8,575.0","40.87K","0.65%"
"Apr 20, 2018","8,860.0","8,278.0","8,915.0","8,192.0","39.79K","7.10%"
"Apr 19, 2018","8,273.0","8,166.1","8,293.5","8,112.3","27.14K","1.24%"
"Apr 18, 2018","8,172.0","7,880.0","8,222.0","7,870.1","26.97K","3.54%"
"Apr 17, 2018","7,892.8","8,066.0","8,169.1","7,829.0","32.15K","-2.15%"
"Apr 16, 2018","8,066.0","8,357.9","8,411.0","7,877.0","36.66K","-3.46%"
"Apr 15, 2018","8,354.8","8,010.0","8,413.6","8,010.0","27.94K","4.46%"
"Apr 14, 2018","7,998.0","7,877.4","8,180.0","7,820.0","31.69K","1.74%"
"Apr 13, 2018","7,861.1","7,923.0","8,227.2","7,747.4","54.98K","-0.77%"
"Apr 12, 2018","7,922.2","6,954.4","7,984.0","6,760.0","64.86K","14.05%"
"Apr 11, 2018","6,946.0","6,843.9","6,982.0","6,790.6","23.99K","1.48%"
"Apr 10, 2018","6,845.0","6,784.0","6,884.4","6,660.0","22.33K","0.97%"
"Apr 09, 2018","6,779.0","7,020.0","7,184.0","6,612.0","34.08K","-3.42%"
"Apr 08, 2018","7,019.0","6,895.8","7,107.0","6,889.0","21.43K","1.79%"
"Apr 07, 2018","6,895.8","6,601.6","7,060.9","6,586.4","32.27K","4.36%"
"Apr 06, 2018","6,607.4","6,775.0","6,849.9","6,502.0","27.45K","-2.40%"
"Apr 05, 2018","6,770.0","6,796.0","6,899.0","6,575.0","39.03K","-0.38%"
"Apr 04, 2018","6,796.1","7,405.2","7,426.9","6,715.0","42.23K","-8.24%"
"Apr 03, 2018","7,406.0","7,064.0","7,515.0","7,016.0","37.80K","4.83%"
"Apr 02, 2018","7,064.9","6,813.0","7,120.0","6,765.0","32.12K","3.71%"
"Apr 01, 2018","6,812.4","6,926.2","7,040.2","6,435.0","44.07K","-1.58%"
"Mar 31, 2018","6,922.0","6,846.0","7,218.3","6,779.2","36.87K","1.20%"
"Mar 30, 2018","6,840.2","7,090.2","7,289.2","6,617.0","65.31K","-3.52%"
"Mar 29, 2018","7,090.0","7,955.0","7,974.6","6,950.0","54.62K","-10.80%"
"Mar 28, 2018","7,948.6","7,787.0","8,108.8","7,735.0","26.40K","2.10%"
"Mar 27, 2018","7,785.0","8,137.0","8,210.0","7,731.2","37.43K","-4.16%"
"Mar 26, 2018","8,122.9","8,458.6","8,501.2","7,850.0","44.03K","-4.08%"
"Mar 25, 2018","8,468.3","8,517.2","8,669.8","8,372.8","29.01K","-0.72%"
"Mar 24, 2018","8,530.0","8,898.0","8,990.0","8,500.0","35.49K","-4.16%"
"Mar 23, 2018","8,900.0","8,720.0","8,900.0","8,275.3","39.95K","2.03%"
"Mar 22, 2018","8,723.1","8,885.0","9,096.4","8,471.0","40.62K","-1.89%"
"Mar 21, 2018","8,890.7","8,908.0","9,164.0","8,751.0","39.97K","-0.17%"
"Mar 20, 2018","8,906.0","8,580.0","9,036.0","8,293.0","44.88K","3.62%"
"Mar 19, 2018","8,595.0","8,205.0","8,695.0","8,100.0","55.30K","4.92%"
"Mar 18, 2018","8,192.0","7,830.0","8,290.0","7,322.1","59.50K","4.56%"
"Mar 17, 2018","7,835.1","8,241.5","8,326.9","7,730.0","33.14K","-5.20%"
"Mar 16, 2018","8,265.0","8,250.0","8,590.0","7,905.1","38.81K","0.18%"
"Mar 15, 2018","8,250.0","8,180.0","8,422.0","7,654.0","52.30K","0.82%"
"Mar 14, 2018","8,182.7","9,145.2","9,331.0","7,920.0","49.72K","-10.50%"
"Mar 13, 2018","9,142.3","9,132.1","9,470.0","8,830.5","40.18K","0.12%"
"Mar 12, 2018","9,131.3","9,533.6","9,888.0","8,781.1","42.23K","-4.05%"
"Mar 11, 2018","9,516.3","8,755.0","9,720.8","8,454.2","44.33K","8.51%"
"Mar 10, 2018","8,770.0","9,231.0","9,489.6","8,680.0","37.18K","-5.00%"
"Mar 09, 2018","9,232.0","9,267.1","9,391.0","8,339.8","64.11K","-0.43%"
"Mar 08, 2018","9,272.0","9,890.0","10,096.0","9,080.6","41.12K","-6.18%"
"Mar 07, 2018","9,883.3","10,716.5","10,891.2","9,405.0","50.64K","-7.78%"
"Mar 06, 2018","10,716.5","11,417.0","11,425.0","10,557.1","29.52K","-6.44%"
"Mar 05, 2018","11,454.3","11,512.1","11,710.0","11,430.1","15.14K","-0.50%"
"Mar 04, 2018","11,512.0","11,461.9","11,564.0","11,065.0","17.30K","0.42%"
"Mar 03, 2018","11,464.2","11,045.0","11,541.7","11,039.4","21.29K","3.92%"
"Mar 02, 2018","11,031.6","10,930.0","11,200.0","10,775.0","23.91K","1.03%"
"Mar 01, 2018","10,918.7","10,330.0","11,060.0","10,250.0","25.09K","5.65%"
"Feb 28, 2018","10,335.0","10,577.0","11,095.8","10,300.0","30.81K","-2.17%"
"Feb 27, 2018","10,564.0","10,318.0","10,860.3","10,128.0","30.69K","2.35%"
"Feb 26, 2018","10,321.0","9,577.8","10,440.0","9,355.1","34.89K","7.80%"
"Feb 25, 2018","9,574.1","9,680.2","9,843.0","9,279.0","28.37K","-1.24%"
"Feb 24, 2018","9,694.5","10,134.4","10,495.0","9,359.0","40.89K","-4.44%"
"Feb 23, 2018","10,145.0","9,812.0","10,427.0","9,574.0","57.20K","3.40%"
"Feb 22, 2018","9,811.0","10,427.3","10,930.0","9,697.8","67.07K","-6.06%"
"Feb 21, 2018","10,444.1","11,180.5","11,298.0","10,201.2","68.11K","-6.71%"
"Feb 20, 2018","11,195.0","11,155.0","11,785.5","11,105.2","48.15K","0.45%"
"Feb 19, 2018","11,144.8","10,383.4","11,246.0","10,282.6","40.86K","7.51%"
"Feb 18, 2018","10,365.9","11,040.0","11,265.0","10,087.0","61.12K","-6.11%"
"Feb 17, 2018","11,040.0","10,152.4","11,069.9","10,051.0","41.88K","8.70%"
"Feb 16, 2018","10,156.0","10,012.6","10,300.3","9,680.0","38.16K","1.53%"
"Feb 15, 2018","10,002.9","9,446.9","10,210.0","9,316.0","52.42K","5.85%"
"Feb 14, 2018","9,450.0","8,544.3","9,484.2","8,544.3","40.81K","10.67%"
"Feb 13, 2018","8,539.0","8,903.0","8,946.7","8,351.0","35.46K","-4.11%"
"Feb 12, 2018","8,905.0","8,072.4","8,980.5","8,072.4","41.99K","10.42%"
"Feb 11, 2018","8,064.5","8,545.0","8,545.0","7,745.0","45.02K","-5.49%"
"Feb 10, 2018","8,533.3","8,683.9","9,064.0","8,125.0","49.38K","-1.81%"
"Feb 09, 2018","8,690.4","8,346.0","8,734.5","8,318.7","20.47K","11.64%"
"Feb 08, 2018","7,784.0","7,585.5","7,839.0","7,583.0","61.00K","2.50%"
"Feb 07, 2018","7,594.3","7,667.1","8,470.9","7,150.0","60.77K","-0.94%"
"Feb 06, 2018","7,666.1","6,963.3","7,865.0","6,006.0","100.20K","10.80%"
"Feb 05, 2018","6,919.1","8,180.0","8,375.0","6,625.0","63.39K","-15.44%"
"Feb 04, 2018","8,182.0","9,200.0","9,359.3","7,954.0","32.01K","-11.06%"
"Feb 03, 2018","9,200.0","8,880.5","9,469.6","8,235.2","28.73K","3.48%"
"Feb 02, 2018","8,890.2","9,236.7","9,242.9","8,010.5","49.97K","-3.69%"
"Feb 01, 2018","9,231.2","10,300.0","10,333.0","8,755.0","33.57K","-10.21%"
"Jan 31, 2018","10,281.0","10,237.5","10,410.0","9,703.1","18.01K","0.51%"
"Jan 30, 2018","10,228.5","11,270.4","11,302.8","9,901.0","25.55K","-9.09%"
"Jan 29, 2018","11,251.0","11,880.0","11,962.0","11,150.0","14.17K","-5.28%"
"Jan 28, 2018","11,877.7","11,491.0","12,240.0","11,413.3","16.89K","3.28%"
"Jan 27, 2018","11,500.0","11,089.9","11,640.0","10,842.7","18.86K","3.71%"
"Jan 26, 2018","11,089.0","11,184.7","11,640.0","10,323.7","33.06K","-0.86%"
"Jan 25, 2018","11,184.8","11,350.0","11,774.0","10,960.0","20.85K","-1.80%"
"Jan 24, 2018","11,390.0","10,798.0","11,555.0","10,501.0","27.14K","5.46%"
"Jan 23, 2018","10,799.8","10,754.0","11,385.0","9,909.0","37.48K","0.39%"
"Jan 22, 2018","10,758.0","11,545.0","11,920.1","9,930.0","43.76K","-6.62%"
"Jan 21, 2018","11,520.5","12,784.9","12,790.0","10,988.5","41.38K","-9.88%"
"Jan 20, 2018","12,783.0","11,470.0","13,036.9","11,417.3","28.77K","11.40%"
"Jan 19, 2018","11,475.0","10,941.1","11,794.0","10,400.8","34.14K","4.60%"
"Jan 18, 2018","10,970.0","11,042.0","11,860.0","10,440.0","48.47K","-0.02%"
"Jan 17, 2018","10,972.6","10,870.0","11,677.2","9,045.0","72.33K","0.66%"
"Jan 16, 2018","10,901.0","13,520.1","13,520.1","9,050.0","63.40K","-19.27%"
"Jan 15, 2018","13,503.9","13,478.0","14,243.9","13,184.2","14.65K","0.19%"
"Jan 14, 2018","13,477.9","14,210.2","14,335.0","12,569.9","17.02K","-5.24%"
"Jan 13, 2018","14,223.0","13,756.0","14,561.0","13,750.0","12.22K","3.68%"
"Jan 12, 2018","13,717.9","13,118.9","14,085.0","12,566.0","16.47K","3.53%"
"Jan 11, 2018","13,250.0","14,917.1","14,917.1","11,453.0","33.55K","-10.99%"
"Jan 10, 2018","14,885.9","14,467.8","14,885.9","13,300.0","17.41K","3.66%"
"Jan 09, 2018","14,360.0","14,900.0","15,404.0","14,073.9","14.31K","-3.91%"
"Jan 08, 2018","14,944.2","16,200.0","16,287.6","13,180.0","26.61K","-7.64%"
"Jan 07, 2018","16,180.0","17,090.9","17,090.9","15,658.5","12.49K","-5.20%"
"Jan 06, 2018","17,067.0","16,960.3","17,132.2","16,167.9","18.56K","0.40%"
"Jan 05, 2018","16,999.0","15,095.0","17,170.0","14,750.0","23.27K","12.58%"
"Jan 04, 2018","15,100.0","14,917.0","15,267.8","14,100.0","21.32K","1.21%"
"Jan 03, 2018","14,919.5","14,711.0","15,299.6","14,225.2","15.91K","1.64%"
"Jan 02, 2018","14,678.7","13,416.8","15,265.7","12,991.0","20.07K","9.65%"
"Jan 01, 2018","13,387.0","13,716.4","13,800.0","12,810.0","8.61K","-2.25%"
"Dec 31, 2017","13,695.5","12,300.1","14,011.2","12,229.9","11.81K","10.94%"
"Dec 30, 2017","12,344.8","14,308.3","14,360.0","11,855.9","19.22K","-14.24%"
"Dec 29, 2017","14,394.0","14,199.0","14,950.5","13,897.0","18.07K","1.37%"
"Dec 28, 2017","14,200.0","15,500.0","15,500.0","13,217.7","21.70K","-8.15%"
"Dec 27, 2017","15,459.9","15,690.0","16,471.0","14,280.5","14.96K","-1.46%"
"Dec 26, 2017","15,688.8","13,732.5","16,030.0","13,601.0","15.04K","14.52%"
"Dec 25, 2017","13,699.3","13,520.0","14,220.0","12,797.6","15.76K","1.79%"
"Dec 24, 2017","13,459.0","13,250.0","13,795.0","11,641.0","28.56K","1.16%"
"Dec 23, 2017","13,304.2","13,250.1","14,916.0","13,057.0","13.13K","0.41%"
"Dec 22, 2017","13,250.0","15,533.1","15,694.0","11,050.0","36.09K","-14.14%"
"Dec 21, 2017","15,432.0","16,446.1","17,305.7","14,220.0","20.31K","-6.36%"
"Dec 20, 2017","16,480.5","17,471.0","17,690.0","15,930.0","13.45K","-5.67%"
"Dec 19, 2017","17,471.0","18,522.0","18,920.0","16,600.0","8.06K","-5.57%"
"Dec 18, 2017","18,501.0","18,900.0","19,212.2","17,100.0","10.23K","-1.33%"
"Dec 17, 2017","18,750.0","19,102.7","19,767.0","18,525.0","8.63K","-1.89%"
"Dec 16, 2017","19,111.3","17,516.8","19,500.0","17,201.2","4.20K","9.10%"
"Dec 15, 2017","17,516.8","16,334.9","17,990.0","16,334.9","9.18K","7.48%"
"Dec 14, 2017","16,298.0","16,000.0","16,440.0","15,453.6","11.62K","1.86%"
"Dec 13, 2017","16,000.0","16,350.0","16,455.0","14,920.0","12.42K","-2.14%"
"Dec 12, 2017","16,350.0","16,582.7","16,975.0","15,877.4","9.44K","-1.15%"
"Dec 11, 2017","16,540.0","15,090.0","17,413.9","14,950.5","11.82K","11.26%"
"Dec 10, 2017","14,866.5","14,699.0","15,700.0","12,465.0","16.55K","1.21%"
"Dec 09, 2017","14,689.0","15,880.0","16,208.1","12,700.0","13.93K","-7.50%"
"Dec 08, 2017","15,880.0","16,599.0","17,205.0","14,015.0","17.58K","-4.05%"
"Dec 07, 2017","16,551.0","13,550.0","16,600.0","13,260.0","7.49K","22.15%"
"Dec 06, 2017","13,550.0","11,697.0","13,615.2","11,685.6","6.71K","15.81%"
"Dec 05, 2017","11,700.0","11,608.3","11,850.0","11,450.0","5.56K","1.11%"
"Dec 04, 2017","11,571.0","11,178.3","11,590.0","10,802.0","4.66K","3.51%"
"Dec 03, 2017","11,178.9","10,889.0","11,820.9","10,520.1","5.34K","2.65%"
"Dec 02, 2017","10,890.0","10,751.1","11,190.0","10,651.0","4.77K","1.07%"
"Dec 01, 2017","10,775.0","9,830.0","10,863.0","9,380.0","6.13K","9.95%"
"Nov 30, 2017","9,800.0","9,690.0","10,565.9","8,851.3","9.39K","1.66%"
"Nov 29, 2017","9,640.3","9,899.0","11,283.1","8,642.7","13.35K","-2.59%"
"Nov 28, 2017","9,896.8","9,650.0","9,938.0","9,582.0","4.92K","2.56%"
"Nov 27, 2017","9,650.0","9,128.8","9,654.3","9,128.8","4.52K","5.72%"
"Nov 26, 2017","9,128.0","8,689.2","9,339.0","8,655.0","4.15K","4.92%"
"Nov 25, 2017","8,700.0","8,138.0","8,734.8","8,090.0","4.29K","6.89%"
"Nov 24, 2017","8,139.0","8,029.5","8,366.0","7,875.0","4.41K","1.48%"
"Nov 23, 2017","8,020.0","8,240.0","8,258.1","8,020.0","4.09K","-2.61%"
"Nov 22, 2017","8,234.6","8,119.5","8,319.0","8,108.6","3.54K","1.42%"
"Nov 21, 2017","8,119.5","8,218.5","8,398.0","7,801.0","4.55K","-1.13%"
"Nov 20, 2017","8,212.1","8,057.1","8,320.0","7,954.0","3.88K","1.96%"
"Nov 19, 2017","8,054.1","7,761.9","8,118.0","7,651.0","3.87K","3.76%"
"Nov 18, 2017","7,761.9","7,699.2","7,820.0","7,430.5","3.95K","1.40%"
"Nov 17, 2017","7,655.0","7,860.1","7,988.9","7,485.0","3.98K","-2.55%"
"Nov 16, 2017","7,855.0","7,279.5","7,940.0","7,076.0","2.33K","8.34%"
"Nov 15, 2017","7,250.0","6,592.6","7,297.9","6,592.6","1.78K","10.27%"
"Nov 14, 2017","6,575.0","6,466.0","6,685.0","6,320.8","1.25K","1.59%"
"Nov 13, 2017","6,472.0","5,811.1","6,690.0","5,810.0","2.62K","10.63%"
"Nov 12, 2017","5,849.9","6,245.0","6,600.0","5,325.0","4.97K","-6.34%"
"Nov 11, 2017","6,245.8","6,507.0","6,797.9","6,100.0","2.75K","-4.04%"
"Nov 10, 2017","6,509.0","7,080.0","7,279.9","6,255.0","3.25K","-8.07%"
"Nov 09, 2017","7,080.0","7,303.0","7,392.0","7,020.0","1.91K","-3.19%"
"Nov 08, 2017","7,313.5","7,064.0","7,770.0","6,665.0","2.82K","3.53%"
"Nov 07, 2017","7,064.0","6,981.7","7,198.5","6,960.3","1.44K","1.49%"
"Nov 06, 2017","6,960.1","7,345.1","7,401.0","6,906.0","1.76K","-5.24%"
"Nov 05, 2017","7,345.0","7,357.3","7,590.3","7,280.0","1.21K","-0.16%"
"Nov 04, 2017","7,357.1","7,115.0","7,481.0","6,919.0","1.40K","3.40%"
"Nov 03, 2017","7,115.0","7,020.0","7,346.3","6,939.9","1.89K","1.35%"
"Nov 02, 2017","7,020.0","6,739.0","7,300.0","6,685.1","2.50K","3.94%"
"Nov 01, 2017","6,754.0","6,463.1","6,768.8","6,340.4","1.68K","4.50%"
"Oct 31, 2017","6,463.1","6,120.5","6,482.8","6,100.0","1.51K","5.60%"
"Oct 30, 2017","6,120.5","6,170.0","6,248.7","6,030.0","1.47K","-0.20%"
"Oct 29, 2017","6,133.0","5,719.6","6,189.9","5,648.0","1.80K","7.52%"
"Oct 28, 2017","5,704.0","5,768.8","5,850.0","5,630.0","1.28K","-0.78%"
"Oct 27, 2017","5,748.5","5,861.8","5,980.0","5,650.4","1.40K","-2.22%"
"Oct 26, 2017","5,879.0","5,690.0","5,940.0","5,650.0","1.97K","3.32%"
"Oct 25, 2017","5,690.0","5,477.0","5,705.0","5,287.0","2.28K","3.89%"
"Oct 24, 2017","5,477.0","5,909.5","5,925.0","5,450.0","2.58K","-7.42%"
"Oct 23, 2017","5,915.9","5,950.0","6,080.0","5,621.0","1.81K","-0.57%"
"Oct 22, 2017","5,950.0","6,025.0","6,060.0","5,723.9","1.36K","-1.24%"
"Oct 21, 2017","6,025.0","6,010.0","6,170.9","5,880.0","1.66K","0.25%"
"Oct 20, 2017","6,010.0","5,683.9","6,100.0","5,600.0","1.97K","6.09%"
"Oct 19, 2017","5,665.0","5,513.0","5,710.0","5,490.3","1.88K","2.13%"
"Oct 18, 2017","5,547.1","5,595.0","5,595.0","5,042.2","2.32K","-0.86%"
"Oct 17, 2017","5,595.0","5,760.0","5,775.0","5,519.9","1.43K","-2.86%"
"Oct 16, 2017","5,760.0","5,710.0","5,788.9","5,585.2","1.53K","1.05%"
"Oct 15, 2017","5,700.0","5,855.0","5,922.3","5,400.0","1.34K","-2.65%"
"Oct 14, 2017","5,855.0","5,650.0","5,899.0","5,580.0","0.97K","4.11%"
"Oct 13, 2017","5,624.0","5,430.0","5,846.2","5,391.3","1.88K","3.57%"
"Oct 12, 2017","5,430.0","4,821.4","5,430.0","4,810.2","1.28K","12.62%"
"Oct 11, 2017","4,821.4","4,783.1","4,880.0","4,710.0","0.75K","0.80%"
"Oct 10, 2017","4,783.1","4,780.0","4,950.0","4,718.8","1.04K","-0.08%"
"Oct 09, 2017","4,787.0","4,640.0","4,890.0","4,560.0","0.65K","3.17%"
"Oct 08, 2017","4,640.0","4,425.0","4,658.0","4,425.0","0.52K","4.91%"
"Oct 07, 2017","4,423.0","4,369.0","4,479.0","4,317.0","0.30K","1.24%"
"Oct 06, 2017","4,369.0","4,319.0","4,417.0","4,292.0","0.51K","1.78%"
"Oct 05, 2017","4,292.4","4,208.6","4,354.9","4,110.0","0.78K","1.99%"
"Oct 04, 2017","4,208.6","4,310.0","4,372.9","4,142.0","0.87K","-2.35%"
"Oct 03, 2017","4,310.0","4,380.0","4,440.0","4,182.1","1.08K","-1.60%"
"Oct 02, 2017","4,380.0","4,378.5","4,561.6","4,360.0","0.66K","0.03%"
"Oct 01, 2017","4,378.5","4,378.5","4,405.5","4,240.4","0.73K","0.00%"
"Sep 30, 2017","4,378.5","4,174.7","4,380.0","4,138.1","0.72K","4.88%"
"Sep 29, 2017","4,174.7","4,174.5","4,260.0","3,970.0","1.60K","0.00%"
"Sep 28, 2017","4,174.5","4,193.0","4,300.0","4,101.0","0.85K","-0.44%"
"Sep 27, 2017","4,193.0","3,882.4","4,249.9","3,872.8","0.63K","8.00%"
"Sep 26, 2017","3,882.4","3,920.8","3,977.0","3,850.1","0.53K","-0.98%"
"Sep 25, 2017","3,920.8","3,660.0","3,979.9","3,653.7","0.73K","6.54%"
"Sep 24, 2017","3,680.0","3,779.5","3,790.0","3,622.8","0.66K","-2.77%"
"Sep 23, 2017","3,785.0","3,595.9","3,817.2","3,542.9","0.75K","5.26%"
"Sep 22, 2017","3,595.9","3,610.0","3,747.5","3,505.6","0.84K","-0.39%"
"Sep 21, 2017","3,610.0","3,900.0","3,910.0","3,567.0","1.00K","-7.20%"
"Sep 20, 2017","3,890.0","3,910.0","4,046.1","3,820.0","0.72K","-0.51%"
"Sep 19, 2017","3,910.0","4,035.0","4,090.0","3,830.9","0.90K","-3.10%"
"Sep 18, 2017","4,035.0","3,700.0","4,123.2","3,690.0","1.03K","9.05%"
"Sep 17, 2017","3,700.0","3,685.2","3,748.2","3,499.0","0.68K","-0.40%"
"Sep 16, 2017","3,714.9","3,674.0","3,938.0","3,470.7","1.30K","0.40%"
"Sep 15, 2017","3,700.0","3,189.0","3,853.0","2,817.0","1.97K","15.62%"
"Sep 14, 2017","3,200.1","3,944.0","3,993.0","3,169.6","1.66K","-18.88%"
"Sep 13, 2017","3,944.7","4,159.7","4,165.4","3,760.0","0.91K","-5.26%"
"Sep 12, 2017","4,163.7","4,208.6","4,394.6","4,040.8","0.88K","-1.06%"
"Sep 11, 2017","4,208.5","4,153.6","4,329.3","4,098.9","0.70K","0.76%"
"Sep 10, 2017","4,176.9","4,258.8","4,283.0","3,801.0","0.66K","-1.92%"
"Sep 09, 2017","4,258.8","4,282.8","4,426.6","4,155.4","0.66K","-0.56%"
"Sep 08, 2017","4,282.8","4,691.6","4,735.4","4,028.9","1.13K","-8.71%"
"Sep 07, 2017","4,691.6","4,619.8","4,788.6","4,438.2","0.50K","1.56%"
"Sep 06, 2017","4,619.8","4,366.5","4,662.9","4,335.3","0.81K","5.80%"
"Sep 05, 2017","4,366.5","4,100.1","4,485.0","3,603.0","1.23K","6.50%"
"Sep 04, 2017","4,100.1","4,509.1","4,527.5","3,972.5","1.39K","-9.07%"
"Sep 03, 2017","4,509.1","4,472.1","4,714.8","4,298.3","0.69K","0.83%"
"Sep 02, 2017","4,472.1","4,834.9","4,939.2","4,286.9","0.93K","-7.50%"
"Sep 01, 2017","4,834.9","4,724.9","4,885.5","4,654.9","0.56K","2.33%"
"Aug 31, 2017","4,724.9","4,555.1","4,745.4","4,555.1","0.56K","3.73%"
"Aug 30, 2017","4,555.1","4,587.5","4,647.5","4,416.0","0.81K","-0.70%"
"Aug 29, 2017","4,587.5","4,386.7","4,625.9","4,313.5","0.60K","4.58%"